MasterID,ChildID,Relation,HierarchyLevel
PC,Mob,Manager,1
Mob,Mob,Subcategory,1
MGR1,Mob_Sam,Engineer,1
CEO,Gx1,Manager,2
TL1,Mob,Engineer,1
TL1,Mob,Manager,1
MGR1,ENG1,Category,1
MGR1,Mob,Product,1
MGR1,Mob,Subcategory,2
PC,Gx1,Category,2
TL1,TL1,Engineer,2
PC,Mob_Sam,Category,2
Mob,ENG1,Team Lead,1
CEO,MGR1,Subcategory,3
CEO,MGR1,Product,1
CEO,ENG1,Engineer,3
TL1,TL1,Manager,3
PC,Mob_Sam,Category,2
CEO,Mob,Team Lead,3
PC,ENG1,Product,3
CEO,TL1,Category,2
CEO,TL1,Subcategory,1
Mob,ENG1,Category,3
Mob,TL1,Product,1
Mob,MGR1,Category,1
MGR1,Mob_Sam,Product,1
Mob,Gx1,Product,2
PC,Gx1,Subcategory,1
PC,MGR1,Manager,3
Mob,Gx1,Category,2
MGR1,Mob,Engineer,2
MGR1,MGR1,Engineer,3
TL1,Mob_Sam,Product,3
PC,Mob,Manager,3
PC,Gx1,Product,3
PC,MGR1,Subcategory,3
TL1,MGR1,Engineer,3
PC,Mob_Sam,Manager,2
CEO,TL1,Category,1
CEO,Mob,Subcategory,2
MGR1,ENG1,Product,1
TL1,Mob_Sam,Category,2
CEO,MGR1,Engineer,2
CEO,TL1,Category,2
PC,Mob_Sam,Engineer,2
Mob,MGR1,Engineer,1
PC,Mob,Category,1
MGR1,ENG1,Engineer,3
Mob,MGR1,Team Lead,3
TL1,Gx1,Product,1
PC,TL1,Team Lead,3
TL1,MGR1,Team Lead,3
Mob,Gx1,Category,1
CEO,Gx1,Product,3
PC,Gx1,Manager,2
Mob,MGR1,Engineer,1
MGR1,Mob,Product,3
Mob,Gx1,Category,1
MGR1,Gx1,Engineer,2
CEO,Mob,Manager,1
CEO,Gx1,Category,1
Mob,TL1,Category,2
Mob,ENG1,Engineer,1
Mob,ENG1,Category,2
PC,Mob,Team Lead,2
CEO,ENG1,Subcategory,2
MGR1,Gx1,Manager,2
MGR1,TL1,Team Lead,2
TL1,ENG1,Category,3
MGR1,ENG1,Category,3
PC,TL1,Category,1
Mob,Mob_Sam,Manager,2
PC,ENG1,Category,2
CEO,TL1,Subcategory,1
Mob,Mob_Sam,Category,1
TL1,ENG1,Manager,2
PC,TL1,Product,3
TL1,MGR1,Category,3
MGR1,MGR1,Subcategory,1
PC,MGR1,Manager,2
CEO,Gx1,Product,3
TL1,Mob_Sam,Product,1
CEO,Mob,Subcategory,1
PC,ENG1,Team Lead,2
CEO,MGR1,Engineer,3
MGR1,Mob_Sam,Engineer,1
PC,TL1,Team Lead,1
MGR1,ENG1,Engineer,2
TL1,Mob_Sam,Manager,1
Mob,TL1,Team Lead,2
CEO,Mob,Manager,3
MGR1,MGR1,Manager,1
CEO,Mob_Sam,Product,2
MGR1,MGR1,Category,3
PC,MGR1,Category,1
Mob,Mob,Engineer,3
PC,ENG1,Subcategory,3
PC,ENG1,Product,3
TL1,ENG1,Team Lead,1
TL1,MGR1,Team Lead,1
CEO,ENG1,Manager,3
MGR1,ENG1,Manager,3
MGR1,ENG1,Product,3
CEO,Gx1,Product,2
TL1,MGR1,Product,1
CEO,MGR1,Engineer,2
MGR1,Mob,Subcategory,3
TL1,Mob,Team Lead,2
Mob,ENG1,Product,1
MGR1,TL1,Category,3
PC,MGR1,Engineer,3
CEO,Mob_Sam,Category,2
Mob,MGR1,Category,3
PC,TL1,Category,1
CEO,ENG1,Category,3
MGR1,Mob,Team Lead,2
CEO,MGR1,Team Lead,3
MGR1,Mob,Engineer,1
CEO,Mob,Subcategory,1
Mob,Mob,Product,3
CEO,Mob_Sam,Subcategory,3
PC,Mob,Category,2
MGR1,TL1,Team Lead,2
PC,Mob_Sam,Product,3
CEO,MGR1,Product,3
CEO,TL1,Subcategory,2
TL1,TL1,Engineer,3
TL1,Gx1,Manager,2
MGR1,MGR1,Product,2
CEO,Gx1,Subcategory,2
Mob,Gx1,Team Lead,2
CEO,Mob,Category,1
Mob,MGR1,Manager,2
TL1,Gx1,Team Lead,3
PC,TL1,Team Lead,2
MGR1,Mob,Subcategory,2
CEO,TL1,Category,1
PC,Gx1,Category,2
TL1,ENG1,Subcategory,3
PC,Mob_Sam,Category,1
MGR1,ENG1,Team Lead,2
Mob,TL1,Team Lead,2
CEO,Mob_Sam,Product,1
MGR1,MGR1,Product,3
Mob,Mob,Engineer,2
TL1,ENG1,Engineer,3
CEO,Gx1,Category,2
PC,Mob_Sam,Subcategory,1
Mob,Gx1,Product,1
Mob,MGR1,Category,2
CEO,Mob_Sam,Product,1
PC,TL1,Product,1
PC,Gx1,Manager,3
TL1,TL1,Manager,2
CEO,Gx1,Subcategory,1
PC,TL1,Product,2
Mob,ENG1,Manager,2
MGR1,Mob,Product,1
TL1,Mob_Sam,Product,1
MGR1,Gx1,Category,2
PC,MGR1,Manager,1
TL1,ENG1,Manager,3
PC,TL1,Subcategory,2
TL1,ENG1,Manager,2
MGR1,Mob_Sam,Team Lead,2
PC,Mob,Team Lead,3
PC,Gx1,Manager,2
TL1,MGR1,Manager,1
CEO,MGR1,Team Lead,2
CEO,Mob_Sam,Subcategory,2
CEO,ENG1,Engineer,1
Mob,ENG1,Team Lead,1
TL1,ENG1,Engineer,2
PC,Gx1,Subcategory,1
TL1,Gx1,Engineer,2
Mob,Gx1,Product,1
Mob,Gx1,Manager,2
MGR1,ENG1,Engineer,2
Mob,TL1,Manager,1
TL1,ENG1,Subcategory,3
TL1,Gx1,Category,3
PC,Mob,Product,2
CEO,Mob_Sam,Engineer,2
MGR1,ENG1,Manager,1
PC,Mob_Sam,Category,1
Mob,Gx1,Manager,2
Mob,Gx1,Product,1
TL1,Mob,Subcategory,2
PC,Mob,Team Lead,3
MGR1,ENG1,Category,1
PC,Mob_Sam,Product,1
MGR1,ENG1,Team Lead,3
CEO,TL1,Team Lead,2
CEO,Gx1,Engineer,3
CEO,ENG1,Manager,3
PC,MGR1,Subcategory,3
CEO,Mob,Engineer,2
TL1,Gx1,Manager,2
TL1,Gx1,Subcategory,1
PC,Mob,Subcategory,3
MGR1,Gx1,Category,3
MGR1,TL1,Team Lead,2
PC,Gx1,Manager,2
TL1,MGR1,Manager,3
PC,TL1,Product,1
CEO,Gx1,Engineer,2
CEO,ENG1,Engineer,3
MGR1,Mob,Team Lead,2
CEO,Gx1,Category,3
PC,Gx1,Team Lead,2
MGR1,TL1,Engineer,3
CEO,TL1,Category,1
Mob,Mob_Sam,Product,2
TL1,MGR1,Manager,3
MGR1,Gx1,Team Lead,2
PC,TL1,Subcategory,2
PC,Mob_Sam,Engineer,3
TL1,MGR1,Engineer,1
MGR1,Mob_Sam,Manager,3
CEO,Mob,Product,3
Mob,ENG1,Engineer,3
PC,MGR1,Product,1
CEO,TL1,Team Lead,2
PC,TL1,Team Lead,2
CEO,MGR1,Product,2
TL1,Gx1,Team Lead,3
PC,Gx1,Manager,1
CEO,ENG1,Product,2
Mob,Mob,Team Lead,1
Mob,TL1,Product,3
CEO,Mob,Product,1
CEO,Mob,Category,3
Mob,Gx1,Team Lead,1
PC,Mob,Manager,2
PC,Mob,Category,2
PC,Gx1,Manager,1
Mob,MGR1,Product,1
Mob,Gx1,Subcategory,1
Mob,MGR1,Manager,3
MGR1,TL1,Category,3
CEO,Mob_Sam,Product,3
MGR1,Gx1,Engineer,1
TL1,Gx1,Team Lead,2
Mob,Mob_Sam,Team Lead,1
PC,ENG1,Team Lead,1
PC,ENG1,Team Lead,3
Mob,Gx1,Product,3
MGR1,MGR1,Category,2
Mob,MGR1,Team Lead,2
PC,ENG1,Manager,2
PC,TL1,Category,2
CEO,Mob_Sam,Category,1
PC,Gx1,Subcategory,1
Mob,Mob,Manager,1
TL1,Mob_Sam,Product,2
TL1,MGR1,Product,2
Mob,TL1,Category,2
CEO,TL1,Category,2
TL1,MGR1,Category,1
CEO,Mob,Subcategory,3
TL1,MGR1,Subcategory,1
PC,Gx1,Category,3
MGR1,Mob,Product,3
CEO,TL1,Manager,3
CEO,Mob,Engineer,3
TL1,Mob,Product,2
CEO,TL1,Product,1
PC,MGR1,Product,1
PC,Mob_Sam,Subcategory,3
TL1,Mob_Sam,Team Lead,2
CEO,ENG1,Product,3
Mob,TL1,Subcategory,1
TL1,Mob,Subcategory,1
TL1,ENG1,Engineer,3
PC,Mob,Engineer,3
CEO,Mob,Engineer,2
MGR1,ENG1,Engineer,1
TL1,Mob_Sam,Manager,3
TL1,Gx1,Category,1
PC,MGR1,Manager,2
Mob,TL1,Engineer,1
TL1,Mob_Sam,Category,2
PC,ENG1,Engineer,3
Mob,Gx1,Subcategory,1
TL1,Mob_Sam,Product,3
CEO,ENG1,Team Lead,2
PC,Mob,Category,1
MGR1,MGR1,Engineer,2
MGR1,TL1,Team Lead,2
CEO,ENG1,Engineer,3
MGR1,MGR1,Team Lead,2
Mob,TL1,Manager,2
CEO,Mob,Category,3
Mob,TL1,Manager,1
CEO,Mob_Sam,Manager,3
TL1,MGR1,Category,2
PC,Mob,Team Lead,3
CEO,Mob_Sam,Subcategory,1
TL1,Gx1,Manager,1
TL1,MGR1,Manager,2
Mob,MGR1,Product,3
Mob,TL1,Manager,3
CEO,Mob_Sam,Product,1
MGR1,Mob_Sam,Engineer,3
TL1,ENG1,Subcategory,2
PC,Mob,Team Lead,1
TL1,Gx1,Team Lead,2
CEO,Mob_Sam,Team Lead,3
CEO,MGR1,Engineer,2
MGR1,ENG1,Category,3
MGR1,Mob,Category,1
PC,MGR1,Subcategory,1
TL1,Gx1,Category,2
Mob,Gx1,Product,2
CEO,MGR1,Product,1
TL1,Mob_Sam,Team Lead,3
PC,Mob_Sam,Team Lead,1
CEO,ENG1,Subcategory,2
CEO,Gx1,Subcategory,1
MGR1,Gx1,Product,3
MGR1,ENG1,Team Lead,2
Mob,Mob_Sam,Engineer,3
Mob,MGR1,Engineer,3
MGR1,TL1,Team Lead,1
Mob,MGR1,Subcategory,3
Mob,TL1,Engineer,2
TL1,Gx1,Manager,1
TL1,Gx1,Category,1
TL1,Mob_Sam,Team Lead,1
CEO,Mob_Sam,Product,2
CEO,Gx1,Subcategory,3
Mob,MGR1,Subcategory,2
TL1,Mob,Product,2
PC,Mob_Sam,Engineer,3
CEO,MGR1,Category,3
TL1,Mob_Sam,Team Lead,1
TL1,Gx1,Engineer,2
Mob,Mob_Sam,Subcategory,2
CEO,MGR1,Manager,2
Mob,Mob,Engineer,1
Mob,MGR1,Subcategory,2
MGR1,Mob,Manager,3
Mob,TL1,Category,1
MGR1,MGR1,Team Lead,2
MGR1,Gx1,Engineer,3
Mob,Mob,Subcategory,1
CEO,MGR1,Category,3
TL1,Mob_Sam,Team Lead,1
MGR1,MGR1,Product,1
PC,Mob_Sam,Engineer,2
PC,TL1,Category,2
Mob,ENG1,Subcategory,3
Mob,Gx1,Product,1
TL1,TL1,Team Lead,2
PC,TL1,Manager,2
CEO,Mob,Subcategory,1
Mob,Gx1,Category,1
TL1,TL1,Category,3
TL1,Mob_Sam,Category,1
Mob,Mob_Sam,Product,1
TL1,MGR1,Product,3
MGR1,Mob_Sam,Engineer,2
PC,Mob_Sam,Team Lead,2
PC,Mob,Engineer,1
Mob,Mob,Subcategory,3
TL1,Gx1,Team Lead,1
CEO,ENG1,Category,3
MGR1,Mob_Sam,Subcategory,3
PC,Mob_Sam,Product,1
PC,MGR1,Team Lead,1
CEO,ENG1,Manager,1
CEO,ENG1,Subcategory,1
PC,Gx1,Manager,1
TL1,Mob,Subcategory,3
PC,MGR1,Category,1
MGR1,Mob_Sam,Manager,3
CEO,TL1,Subcategory,2
PC,TL1,Category,3
Mob,ENG1,Team Lead,3
CEO,MGR1,Product,1
TL1,Mob,Manager,1
Mob,Mob_Sam,Subcategory,1
MGR1,MGR1,Manager,2
TL1,TL1,Category,3
MGR1,TL1,Product,3
Mob,Mob_Sam,Engineer,1
PC,ENG1,Subcategory,3
PC,Gx1,Category,3
MGR1,Mob_Sam,Engineer,1
TL1,Mob,Product,2
Mob,Mob,Subcategory,1
TL1,TL1,Engineer,3
PC,TL1,Category,2
PC,MGR1,Subcategory,1
Mob,Mob,Engineer,3
Mob,Mob_Sam,Subcategory,1
Mob,Mob,Category,3
CEO,Gx1,Engineer,3
CEO,Mob,Category,1
TL1,TL1,Manager,2
MGR1,Gx1,Subcategory,2
MGR1,Gx1,Manager,1
TL1,Mob,Team Lead,2
Mob,Gx1,Manager,1
CEO,Mob,Product,1
MGR1,Mob_Sam,Subcategory,1
CEO,Mob,Subcategory,1
CEO,Mob,Manager,1
Mob,ENG1,Engineer,2
TL1,Mob,Category,2
Mob,MGR1,Engineer,1
CEO,Mob_Sam,Manager,2
Mob,MGR1,Engineer,1
Mob,Gx1,Category,1
Mob,Gx1,Engineer,2
TL1,MGR1,Subcategory,2
CEO,MGR1,Category,1
Mob,Gx1,Subcategory,1
TL1,MGR1,Product,1
Mob,Mob_Sam,Team Lead,3
PC,Gx1,Category,1
PC,Mob_Sam,Manager,1
MGR1,Mob,Category,1
Mob,Gx1,Category,3
TL1,ENG1,Category,2
MGR1,ENG1,Product,1
MGR1,Gx1,Engineer,3
CEO,Mob_Sam,Manager,1
CEO,ENG1,Product,3
PC,TL1,Team Lead,1
TL1,ENG1,Manager,2
TL1,MGR1,Manager,3
CEO,Gx1,Team Lead,3
CEO,Gx1,Product,3
MGR1,Mob_Sam,Team Lead,3
Mob,Mob,Product,1
CEO,Gx1,Team Lead,3
TL1,ENG1,Engineer,2
MGR1,TL1,Category,2
Mob,MGR1,Engineer,1
PC,Mob_Sam,Product,2
Mob,ENG1,Team Lead,2
TL1,Mob,Subcategory,2
PC,Mob_Sam,Subcategory,1
TL1,Gx1,Manager,3
CEO,Mob,Manager,3
TL1,MGR1,Product,3
MGR1,Mob_Sam,Manager,1
PC,Mob,Category,2
PC,TL1,Engineer,3
Mob,Mob,Team Lead,3
TL1,TL1,Team Lead,1
MGR1,Mob_Sam,Subcategory,1
Mob,Gx1,Manager,3
CEO,Gx1,Subcategory,3
Mob,TL1,Subcategory,1
CEO,Mob_Sam,Product,1
CEO,Mob,Engineer,2
PC,Mob_Sam,Subcategory,1
Mob,TL1,Manager,1
TL1,TL1,Subcategory,2
CEO,MGR1,Manager,1
PC,Mob_Sam,Team Lead,2
MGR1,Mob_Sam,Engineer,2
PC,Gx1,Subcategory,2
CEO,Gx1,Product,1
PC,MGR1,Team Lead,2
MGR1,ENG1,Subcategory,1
CEO,Gx1,Category,3
TL1,Mob_Sam,Product,3
MGR1,Gx1,Team Lead,2
MGR1,Gx1,Manager,2
Mob,MGR1,Subcategory,1
PC,Gx1,Manager,2
TL1,Mob_Sam,Subcategory,2
MGR1,Mob,Team Lead,2
MGR1,Mob_Sam,Category,3
TL1,Mob_Sam,Product,2
Mob,Mob_Sam,Manager,3
TL1,Gx1,Product,3
MGR1,Mob,Category,2
TL1,Mob_Sam,Engineer,2
TL1,Gx1,Product,3
TL1,Mob,Team Lead,1
PC,ENG1,Category,3
PC,MGR1,Product,1
Mob,ENG1,Manager,2
TL1,ENG1,Subcategory,1
MGR1,Mob,Subcategory,2
MGR1,Gx1,Subcategory,2
TL1,Mob,Manager,3
CEO,Mob,Product,3
PC,Mob_Sam,Product,2
MGR1,TL1,Product,1
PC,Mob_Sam,Subcategory,1
MGR1,Mob_Sam,Team Lead,1
TL1,TL1,Subcategory,3
TL1,Mob_Sam,Subcategory,2
CEO,TL1,Product,3
TL1,TL1,Product,2
CEO,TL1,Subcategory,3
MGR1,Mob,Category,2
PC,Mob,Engineer,2
CEO,Mob_Sam,Engineer,1
Mob,MGR1,Team Lead,3
CEO,Mob,Subcategory,1
TL1,TL1,Team Lead,3
MGR1,Mob_Sam,Manager,1
Mob,ENG1,Team Lead,3
Mob,Mob,Subcategory,1
MGR1,Mob,Engineer,2
PC,ENG1,Category,1
Mob,Mob_Sam,Engineer,1
CEO,Mob_Sam,Subcategory,2
Mob,ENG1,Category,3
Mob,MGR1,Category,2
Mob,ENG1,Engineer,3
TL1,Gx1,Subcategory,2
TL1,ENG1,Team Lead,2
PC,ENG1,Team Lead,3
Mob,TL1,Engineer,2
MGR1,ENG1,Category,3
PC,Gx1,Subcategory,2
CEO,TL1,Manager,2
PC,Gx1,Team Lead,2
CEO,Mob_Sam,Team Lead,1
TL1,TL1,Category,3
PC,ENG1,Manager,2
PC,Mob,Team Lead,3
Mob,ENG1,Product,3
CEO,MGR1,Subcategory,1
MGR1,MGR1,Team Lead,1
PC,ENG1,Team Lead,1
MGR1,Mob,Subcategory,2
Mob,TL1,Engineer,2
TL1,MGR1,Team Lead,1
Mob,Mob,Product,3
Mob,ENG1,Subcategory,2
TL1,ENG1,Category,2
Mob,Gx1,Product,2
CEO,ENG1,Product,2
Mob,Mob_Sam,Team Lead,1
MGR1,ENG1,Team Lead,2
PC,MGR1,Engineer,3
Mob,TL1,Subcategory,3
CEO,Gx1,Subcategory,1
MGR1,Mob,Engineer,1
CEO,Gx1,Product,2
Mob,Gx1,Category,1
PC,TL1,Engineer,1
MGR1,TL1,Team Lead,3
CEO,Gx1,Team Lead,1
TL1,TL1,Subcategory,1
MGR1,ENG1,Engineer,1
PC,TL1,Manager,2
Mob,Gx1,Subcategory,1
Mob,Gx1,Product,3
MGR1,MGR1,Engineer,2
MGR1,Mob,Team Lead,2
MGR1,Mob_Sam,Product,1
MGR1,Mob_Sam,Manager,1
MGR1,Mob,Category,1
CEO,Mob_Sam,Product,3
PC,Gx1,Team Lead,2
CEO,Gx1,Product,1
CEO,Mob,Engineer,2
PC,ENG1,Engineer,3
CEO,ENG1,Category,1
TL1,MGR1,Product,3
CEO,Mob_Sam,Product,3
Mob,TL1,Product,3
TL1,Gx1,Product,1
PC,Mob_Sam,Engineer,3
MGR1,Gx1,Manager,2
MGR1,MGR1,Engineer,3
Mob,Mob_Sam,Manager,3
PC,Mob_Sam,Team Lead,1
Mob,TL1,Category,2
PC,ENG1,Team Lead,1
Mob,TL1,Engineer,3
MGR1,Mob_Sam,Category,1
Mob,Mob,Product,3
CEO,Mob_Sam,Manager,2
CEO,Mob_Sam,Subcategory,2
CEO,Mob,Category,1
MGR1,Gx1,Subcategory,1
PC,MGR1,Manager,1
PC,MGR1,Team Lead,3
Mob,Mob_Sam,Engineer,1
PC,Mob,Engineer,2
Mob,Mob,Team Lead,1
Mob,MGR1,Product,3
Mob,Mob_Sam,Team Lead,1
CEO,Mob,Manager,3
PC,Mob,Engineer,1
PC,MGR1,Team Lead,1
TL1,Gx1,Team Lead,1
TL1,MGR1,Engineer,2
TL1,TL1,Manager,2
MGR1,MGR1,Subcategory,3
CEO,Mob,Category,1
PC,TL1,Subcategory,3
Mob,Gx1,Product,1
TL1,Mob_Sam,Team Lead,3
CEO,MGR1,Subcategory,1
Mob,Mob,Subcategory,1
TL1,Mob,Subcategory,2
PC,ENG1,Product,3
PC,Mob,Manager,3
CEO,Gx1,Product,3
PC,Mob_Sam,Category,3
TL1,TL1,Team Lead,1
TL1,Mob_Sam,Engineer,2
Mob,Mob,Engineer,2
MGR1,TL1,Team Lead,2
CEO,TL1,Engineer,1
TL1,TL1,Engineer,1
MGR1,TL1,Manager,1
MGR1,TL1,Category,1
Mob,MGR1,Subcategory,2
Mob,MGR1,Subcategory,2
MGR1,MGR1,Product,1
TL1,ENG1,Manager,1
TL1,Mob,Subcategory,1
CEO,ENG1,Manager,1
Mob,Mob_Sam,Team Lead,1
Mob,TL1,Manager,2
Mob,TL1,Engineer,1
PC,MGR1,Category,2
MGR1,Mob,Product,2
PC,TL1,Team Lead,2
TL1,Gx1,Engineer,3
CEO,Mob_Sam,Product,2
CEO,TL1,Engineer,3
CEO,Gx1,Category,2
MGR1,Gx1,Team Lead,2
CEO,Mob,Team Lead,2
CEO,ENG1,Team Lead,2
PC,MGR1,Product,1
CEO,MGR1,Team Lead,3
CEO,Mob_Sam,Manager,3
MGR1,ENG1,Team Lead,1
CEO,ENG1,Product,1
Mob,Mob_Sam,Category,3
CEO,ENG1,Product,3
TL1,TL1,Product,3
PC,MGR1,Engineer,3
CEO,Mob,Product,1
TL1,Gx1,Category,3
Mob,Mob,Manager,2
PC,MGR1,Team Lead,2
PC,Gx1,Engineer,2
Mob,MGR1,Manager,3
CEO,Mob_Sam,Team Lead,3
CEO,ENG1,Subcategory,3
Mob,Gx1,Engineer,3
PC,MGR1,Category,3
PC,TL1,Team Lead,1
TL1,TL1,Manager,2
TL1,ENG1,Manager,3
Mob,Mob,Team Lead,3
MGR1,TL1,Subcategory,2
CEO,TL1,Product,1
TL1,MGR1,Manager,1
PC,TL1,Engineer,3
TL1,Mob,Product,1
PC,Gx1,Category,3
PC,MGR1,Engineer,3
MGR1,Gx1,Subcategory,3
MGR1,Mob,Manager,2
PC,TL1,Engineer,1
PC,Gx1,Subcategory,1
CEO,TL1,Engineer,2
CEO,ENG1,Category,3
CEO,Mob_Sam,Subcategory,1
TL1,ENG1,Product,2
TL1,MGR1,Product,3
CEO,MGR1,Product,3
MGR1,Mob_Sam,Subcategory,3
TL1,MGR1,Manager,1
MGR1,MGR1,Category,2
MGR1,Mob,Engineer,2
TL1,MGR1,Category,3
Mob,MGR1,Category,2
MGR1,Mob_Sam,Subcategory,1
TL1,Mob_Sam,Subcategory,3
PC,MGR1,Engineer,2
CEO,TL1,Category,1
CEO,Gx1,Team Lead,1
MGR1,MGR1,Subcategory,1
TL1,Mob_Sam,Manager,2
MGR1,Mob_Sam,Product,1
TL1,TL1,Manager,2
MGR1,TL1,Manager,3
PC,ENG1,Team Lead,1
CEO,Mob_Sam,Category,3
CEO,TL1,Product,2
Mob,ENG1,Category,2
CEO,MGR1,Manager,3
Mob,ENG1,Subcategory,2
Mob,Mob_Sam,Product,3
MGR1,MGR1,Team Lead,2
Mob,Mob_Sam,Product,3
CEO,MGR1,Team Lead,1
PC,Gx1,Product,3
MGR1,Mob,Product,3
TL1,MGR1,Engineer,1
PC,Gx1,Category,1
TL1,Mob_Sam,Product,1
CEO,TL1,Subcategory,1
Mob,MGR1,Product,3
MGR1,Gx1,Team Lead,2
Mob,Mob,Engineer,1
TL1,ENG1,Subcategory,1
Mob,Gx1,Manager,1
PC,ENG1,Manager,1
CEO,TL1,Team Lead,2
MGR1,Gx1,Category,1
TL1,ENG1,Team Lead,2
CEO,MGR1,Subcategory,1
PC,Mob_Sam,Category,2
TL1,TL1,Manager,2
MGR1,MGR1,Subcategory,1
Mob,Mob,Team Lead,1
PC,MGR1,Product,3
TL1,Mob,Category,1
TL1,TL1,Category,2
Mob,Mob,Product,3
MGR1,MGR1,Engineer,1
MGR1,Mob,Product,2
Mob,TL1,Product,1
CEO,ENG1,Subcategory,1
CEO,Mob_Sam,Team Lead,2
PC,ENG1,Engineer,1
CEO,Mob_Sam,Manager,1
TL1,MGR1,Product,1
TL1,Mob,Engineer,3
CEO,Gx1,Subcategory,2
CEO,ENG1,Subcategory,3
CEO,Mob_Sam,Subcategory,2
PC,TL1,Team Lead,1
CEO,ENG1,Product,2
PC,TL1,Engineer,1
CEO,Mob_Sam,Subcategory,3
MGR1,ENG1,Engineer,1
CEO,ENG1,Subcategory,2
TL1,MGR1,Category,2
CEO,ENG1,Manager,2
PC,Mob_Sam,Manager,3
CEO,Gx1,Subcategory,1
CEO,Mob,Team Lead,1
Mob,MGR1,Engineer,2
TL1,TL1,Category,3
TL1,Gx1,Engineer,2
TL1,Mob,Category,2
Mob,MGR1,Product,3
TL1,TL1,Product,2
PC,Gx1,Engineer,1
MGR1,Gx1,Team Lead,2
Mob,Gx1,Category,1
CEO,ENG1,Engineer,3
MGR1,Gx1,Team Lead,1
CEO,Mob,Team Lead,1
CEO,Mob_Sam,Subcategory,3
PC,Mob,Team Lead,3
Mob,TL1,Engineer,3
Mob,Mob_Sam,Engineer,3
Mob,ENG1,Category,1
Mob,Gx1,Subcategory,3
Mob,Mob_Sam,Team Lead,2
CEO,ENG1,Manager,2
TL1,MGR1,Team Lead,3
MGR1,Gx1,Manager,3
TL1,Mob_Sam,Engineer,1
Mob,Mob_Sam,Category,1
MGR1,Mob_Sam,Category,2
Mob,Mob,Subcategory,2
PC,MGR1,Manager,1
Mob,MGR1,Subcategory,2
PC,TL1,Product,1
PC,Mob_Sam,Team Lead,2
CEO,ENG1,Team Lead,2
MGR1,Mob,Category,2
PC,ENG1,Product,1
MGR1,Gx1,Subcategory,1
Mob,Mob_Sam,Manager,3
PC,Gx1,Manager,1
CEO,TL1,Category,1
PC,Mob,Product,1
CEO,ENG1,Product,3
PC,ENG1,Engineer,2
TL1,ENG1,Team Lead,1
Mob,Mob_Sam,Subcategory,3
TL1,Gx1,Product,1
CEO,MGR1,Engineer,3
MGR1,Gx1,Subcategory,3
MGR1,Mob_Sam,Product,3
MGR1,ENG1,Subcategory,2
PC,TL1,Product,2
CEO,MGR1,Subcategory,3
CEO,Mob,Subcategory,1
TL1,TL1,Category,1
TL1,MGR1,Subcategory,2
MGR1,TL1,Manager,3
Mob,Mob,Manager,3
Mob,Mob,Engineer,1
Mob,Gx1,Subcategory,1
Mob,Gx1,Product,3
MGR1,Mob,Product,2
MGR1,Mob_Sam,Team Lead,2
PC,Mob_Sam,Product,2
Mob,TL1,Manager,2
TL1,TL1,Category,2
TL1,MGR1,Category,1
CEO,ENG1,Category,2
CEO,Mob,Engineer,1
PC,Mob_Sam,Engineer,3
TL1,TL1,Category,3
MGR1,Mob,Engineer,3
TL1,Mob,Subcategory,1
CEO,Mob_Sam,Engineer,1
TL1,Mob_Sam,Subcategory,3
PC,Mob_Sam,Engineer,2
CEO,ENG1,Team Lead,3
CEO,TL1,Manager,1
Mob,Gx1,Category,1
PC,Mob,Category,2
TL1,Mob,Category,1
Mob,ENG1,Team Lead,2
PC,ENG1,Engineer,3
TL1,ENG1,Subcategory,3
Mob,MGR1,Category,1
MGR1,MGR1,Engineer,3
CEO,TL1,Manager,3
TL1,TL1,Category,1
MGR1,MGR1,Engineer,2
CEO,MGR1,Category,2
Mob,MGR1,Engineer,1
CEO,TL1,Manager,1
TL1,Gx1,Manager,3
CEO,Gx1,Subcategory,2
CEO,Gx1,Product,3
TL1,MGR1,Subcategory,3
Mob,TL1,Subcategory,1
Mob,MGR1,Manager,1
PC,ENG1,Product,3
Mob,MGR1,Product,3
TL1,Mob_Sam,Subcategory,1
MGR1,Mob,Team Lead,1
MGR1,Mob_Sam,Subcategory,1
Mob,Mob_Sam,Manager,3
CEO,Mob,Subcategory,2
CEO,TL1,Manager,1
TL1,ENG1,Team Lead,3
CEO,Gx1,Manager,1
CEO,Mob_Sam,Category,2
MGR1,MGR1,Product,3
PC,Mob_Sam,Product,1
Mob,Mob_Sam,Manager,3
Mob,Mob_Sam,Subcategory,3
CEO,Mob_Sam,Manager,2
MGR1,TL1,Team Lead,3
MGR1,Gx1,Product,2
PC,MGR1,Product,3
MGR1,TL1,Team Lead,2
CEO,TL1,Product,1
Mob,TL1,Subcategory,1
Mob,Mob,Subcategory,1
PC,Gx1,Product,3
CEO,Mob,Product,3
PC,ENG1,Product,2
PC,ENG1,Manager,3
MGR1,Mob,Category,3
TL1,Mob,Manager,2
MGR1,Gx1,Product,3
Mob,Mob_Sam,Engineer,2
CEO,Gx1,Team Lead,1
TL1,MGR1,Engineer,2
Mob,Mob,Category,1
CEO,Gx1,Team Lead,3
MGR1,ENG1,Category,3
MGR1,MGR1,Product,1
CEO,ENG1,Category,2
MGR1,Mob,Engineer,2
CEO,MGR1,Subcategory,2
TL1,TL1,Team Lead,2
MGR1,Mob_Sam,Category,1
Mob,TL1,Category,2
MGR1,Mob_Sam,Subcategory,2
TL1,TL1,Team Lead,3
MGR1,ENG1,Product,2
MGR1,Gx1,Product,1
Mob,Mob_Sam,Subcategory,2
TL1,Gx1,Product,1
TL1,Mob,Manager,3
CEO,Mob,Product,2
PC,Mob_Sam,Product,3
MGR1,Mob,Manager,1
PC,ENG1,Engineer,3
Mob,MGR1,Engineer,1
Mob,Mob,Subcategory,2
Mob,ENG1,Engineer,1
TL1,Gx1,Category,2
Mob,Mob_Sam,Manager,1
PC,Gx1,Product,2
TL1,MGR1,Team Lead,2
CEO,Mob,Manager,2
Mob,ENG1,Engineer,1
TL1,Gx1,Product,2
Mob,MGR1,Team Lead,2
PC,ENG1,Category,2
CEO,MGR1,Product,2
TL1,Mob,Category,3
MGR1,Mob_Sam,Team Lead,1
CEO,TL1,Engineer,1
PC,Mob_Sam,Team Lead,2
TL1,Mob_Sam,Team Lead,3
TL1,TL1,Product,3
Mob,Mob,Product,1
MGR1,Gx1,Subcategory,3
PC,TL1,Team Lead,1
CEO,MGR1,Engineer,1
Mob,TL1,Manager,1
Mob,ENG1,Team Lead,2
Mob,ENG1,Manager,1
CEO,Mob,Engineer,1
Mob,Mob_Sam,Product,3
Mob,MGR1,Engineer,1
Mob,Mob,Subcategory,2
PC,Mob,Engineer,1
PC,Gx1,Category,1
Mob,MGR1,Subcategory,1
MGR1,TL1,Team Lead,1
CEO,MGR1,Category,2
Mob,TL1,Product,1
Mob,Mob_Sam,Manager,2
MGR1,MGR1,Team Lead,1
TL1,Mob,Engineer,3
PC,TL1,Category,2
PC,Gx1,Team Lead,3
TL1,MGR1,Subcategory,3
CEO,Gx1,Product,2
TL1,TL1,Manager,2
PC,Gx1,Team Lead,1
TL1,Mob_Sam,Subcategory,2
Mob,Gx1,Team Lead,1
PC,TL1,Category,3
TL1,Gx1,Manager,3
PC,MGR1,Team Lead,3
MGR1,ENG1,Engineer,2
PC,Mob_Sam,Manager,3
CEO,ENG1,Manager,3
MGR1,MGR1,Product,1
Mob,ENG1,Team Lead,3
CEO,Mob,Subcategory,3
PC,Mob,Team Lead,1
MGR1,MGR1,Engineer,2
CEO,MGR1,Product,3
TL1,Mob_Sam,Engineer,2
TL1,Gx1,Subcategory,1
CEO,Mob_Sam,Engineer,2
Mob,Mob_Sam,Manager,2
MGR1,MGR1,Category,3
Mob,TL1,Category,3
CEO,TL1,Category,1
CEO,ENG1,Manager,2
CEO,TL1,Subcategory,2
Mob,Mob_Sam,Subcategory,2
CEO,Mob_Sam,Subcategory,3
MGR1,Gx1,Team Lead,1
CEO,Mob_Sam,Team Lead,1
PC,MGR1,Subcategory,1
CEO,MGR1,Subcategory,1
PC,Gx1,Category,3
Mob,Mob,Category,2
Mob,TL1,Engineer,3
TL1,Mob_Sam,Category,3
TL1,Gx1,Engineer,1
Mob,Mob,Team Lead,3
TL1,TL1,Manager,1
Mob,Mob_Sam,Subcategory,2
PC,Mob,Engineer,1
PC,MGR1,Product,2
MGR1,MGR1,Team Lead,2
CEO,Gx1,Engineer,2
TL1,Mob,Product,3
Mob,Gx1,Category,3
TL1,Mob,Manager,2
CEO,Gx1,Product,3
PC,TL1,Team Lead,1
MGR1,ENG1,Category,3
Mob,Mob,Product,2
TL1,MGR1,Engineer,2
PC,MGR1,Category,2
Mob,TL1,Product,1
CEO,ENG1,Engineer,1
MGR1,MGR1,Category,2
MGR1,MGR1,Product,3
PC,ENG1,Product,3
Mob,Gx1,Product,1
