﻿customer_id,name,email,city,join_date
1,Merrily Northeast,mnortheast0@nature.com,Manikchari,8/2/2024
2,Orville McLanaghan,omclanaghan1@gmpg.org,Volochysâ€™k,8/29/2024
3,Jennilee Radborne,jradborne2@cnbc.com,Xiniu,9/11/2024
4,Yul Son,yson3@cam.ac.uk,Kembang,3/14/2025
5,Hildy Quinell,hquinell4@house.gov,Chak Two Hundred Forty-Nine TDA,7/6/2025
6,John Labarre,jlabarre5@wikia.com,KÄlÄ«ganj,8/15/2024
7,Jedd Mazzey,jmazzey6@github.io,Pagersari,5/29/2025
8,Erik Filyushkin,efilyushkin7@nbcnews.com,NiÃ±os Heroes,7/6/2025
9,Kile Deeves,kdeeves8@constantcontact.com,Xiaochi,9/9/2024
10,Gratiana Sheber,gsheber9@shinystat.com,Binhe,1/1/2025
11,Tonye Di Biasi,tdia@aboutads.info,Gelap,2/15/2025
12,Arnuad Minette,aminetteb@guardian.co.uk,Uppsala,10/3/2024
13,Gonzales Thewys,gthewysc@example.com,Al Manqaf,3/3/2025
14,Micheal Armin,marmind@independent.co.uk,Nguluhan,12/10/2024
15,Kahaleel Gerardet,kgerardete@merriam-webster.com,Saint Johnâ€™s,5/13/2025
16,Riobard Rubinow,rrubinowf@woothemes.com,Ponta PorÃ£,11/10/2024
17,Annabela Esome,aesomeg@netlog.com,Qumudi,3/31/2025
18,Quill Able,qableh@squidoo.com,Fushun,1/21/2025
19,Daron Falla,dfallai@eepurl.com,Nice,3/11/2025
20,Tina Pomeroy,tpomeroyj@google.co.uk,Kimovsk,9/15/2024
21,Irv Clearley,iclearleyk@wired.com,Stockholm,9/10/2024
22,Dagny Balham,dbalhaml@rambler.ru,Pires do Rio,4/10/2025
23,Carlin Rolingson,crolingsonm@parallels.com,Podkumskiy,4/22/2025
24,Ernest Bottrell,ebottrelln@deviantart.com,MiliÄ‡i,9/14/2024
25,Lela Belding,lbeldingo@nationalgeographic.com,Qobustan,2/5/2025
26,Erastus Hawsby,ehawsbyp@npr.org,Klonowa,10/28/2024
27,Sibbie Brewin,sbrewinq@eventbrite.com,Huntsville,9/23/2024
28,Merrill Harmour,mharmourr@wordpress.org,Astorga,2/1/2025
29,Corbin Blaymires,cblaymiress@dion.ne.jp,Huanipaca,1/17/2025
30,Orran Antoszczyk,oantoszczykt@macromedia.com,Kryvyy Rih,12/9/2024
31,Yorker de Courcy,ydeu@umn.edu,Pelaya,5/17/2025
32,Jesse Duester,jduesterv@shutterfly.com,Kan,2/2/2025
33,Cornela Morratt,cmorrattw@fc2.com,Helsingborg,10/17/2024
34,Danell Garnsworthy,dgarnsworthyx@marketwatch.com,Xintun,4/30/2025
35,Tailor Belshaw,tbelshawy@360.cn,Volâ€™no-Nadezhdinskoye,5/8/2025
36,Cristy Luckin,cluckinz@harvard.edu,La Foa,7/14/2025
37,Arda Storah,astorah10@php.net,Cikuray,11/28/2024
38,Demott Westcar,dwestcar11@quantcast.com,Degerfors,10/7/2024
39,Ainslee Kiera,akiera12@e-recht24.de,Zhongpai,7/20/2024
40,Kort Holtham,kholtham13@mapquest.com,Sigetec,5/19/2025
41,Carolynn Portman,cportman14@newsvine.com,Chilly-Mazarin,10/10/2024
42,Clarke Iveans,civeans15@businessweek.com,Beaune,12/25/2024
43,Cart Gemlbett,cgemlbett16@boston.com,PÅ™ibyslav,11/26/2024
44,Fae Pine,fpine17@github.com,La Esperanza,11/2/2024
45,Delmore Proudley,dproudley18@miibeian.gov.cn,Orahovica Donja,2/10/2025
46,Myrna Westnage,mwestnage19@microsoft.com,Levallois-Perret,1/1/2025
47,Woodman Flooks,wflooks1a@dell.com,Lawrenceville,2/23/2025
48,Padraig Ferronier,pferronier1b@google.nl,Kurlovo,12/21/2024
49,Elysee Silvermann,esilvermann1c@meetup.com,HualfÃ­n,11/28/2024
50,Puff Bigley,pbigley1d@clickbank.net,Shirgjan,7/15/2025
51,Fitz Kisting,fkisting1e@amazon.com,Sharga,5/28/2025
52,Babs Batchelar,bbatchelar1f@godaddy.com,ShÄhpur,3/13/2025
53,Donica Driutti,ddriutti1g@is.gd,Toba,8/5/2024
54,Tod Kenworthey,tkenworthey1h@usnews.com,Rentian,5/22/2025
55,Auria Cuskery,acuskery1i@jiathis.com,GrzÄ™ska,11/21/2024
56,Humberto Huckett,hhuckett1j@sohu.com,Almelo,8/23/2024
57,Almeda Kingswoode,akingswoode1k@creativecommons.org,Vilhena,8/23/2024
58,Wat Balam,wbalam1l@mail.ru,Melekeok Village,4/25/2025
59,Davin Jupe,djupe1m@chron.com,Biting,10/18/2024
60,Fraze Christophle,fchristophle1n@e-recht24.de,Prizren,3/9/2025
61,Otto Joincey,ojoincey1o@edublogs.org,DembÄ« Dolo,3/2/2025
62,Eleanore Killen,ekillen1p@bbc.co.uk,LÄ™bork,11/6/2024
63,Blondelle Garth,bgarth1q@hugedomains.com,Ganpu,5/24/2025
64,Christan Harmon,charmon1r@geocities.jp,San Francisco,10/5/2024
65,Clementius Jurewicz,cjurewicz1s@soundcloud.com,Sumuragung,1/4/2025
66,Liliane Berthomieu,lberthomieu1t@ow.ly,KÃ¡to NevrokÃ³pi,7/19/2025
67,Isaac Sandland,isandland1u@yelp.com,Az ZabadÄnÄ«,12/17/2024
68,Junie Hildred,jhildred1v@dagondesign.com,Boluo,8/8/2024
69,Terrell Sowerbutts,tsowerbutts1w@amazonaws.com,Frisange,9/24/2024
70,Alyce Fosberry,afosberry1x@merriam-webster.com,Igreja,10/10/2024
71,Mel Brocklehurst,mbrocklehurst1y@simplemachines.org,BudÃ«nnovsk,5/17/2025
72,Adriaens Mucillo,amucillo1z@icq.com,Sauce,3/25/2025
73,Tamiko Jemmett,tjemmett20@pagesperso-orange.fr,NÅ«r,8/22/2024
74,Calhoun Croxall,ccroxall21@tinyurl.com,Perjuangan,5/20/2025
75,Rosalynd Begin,rbegin22@com.com,Inderka,10/31/2024
76,Cloe Dressel,cdressel23@spiegel.de,Ä€shkhÄneh,10/20/2024
77,Bel Menguy,bmenguy24@spiegel.de,Ayo,10/2/2024
78,Jakob Marcinkus,jmarcinkus25@google.nl,Guarabira,4/26/2025
79,Elsey Jacobsohn,ejacobsohn26@wired.com,Itaituba,3/8/2025
80,Carmine Puddefoot,cpuddefoot27@storify.com,Sunne,2/21/2025
81,Daren Lemasney,dlemasney28@about.me,Khong Chai,8/17/2024
82,Aila Koppe,akoppe29@mapy.cz,JavÄnrÅ«d,2/11/2025
83,Ashlen Freestone,afreestone2a@mediafire.com,Rogongon,4/15/2025
84,Sybila Dewfall,sdewfall2b@sciencedirect.com,Jixin,2/27/2025
85,Beret Gather,bgather2c@dedecms.com,Tsagaan-Olom,10/20/2024
86,Nicky Bulbrook,nbulbrook2d@cafepress.com,Shatoujiao,10/30/2024
87,Beverly Oleksinski,boleksinski2e@joomla.org,Urzhar,10/21/2024
88,Wynn Sackler,wsackler2f@bbc.co.uk,Agrelo,11/10/2024
89,Jared Haggas,jhaggas2g@symantec.com,Gaspra,10/21/2024
90,Flss Odhams,fodhams2h@php.net,Lesozavodsk,11/18/2024
91,Norina Renard,nrenard2i@miibeian.gov.cn,Mascouche,7/16/2025
92,Rozanne Giller,rgiller2j@tamu.edu,Czarna,1/21/2025
93,Garfield Bindin,gbindin2k@goo.gl,DembÃ©ni,7/17/2025
94,Barclay Sive,bsive2l@topsy.com,Omaha,4/29/2025
95,Waverley Bangs,wbangs2m@ucla.edu,Goz BÃ©Ã¯da,3/25/2025
96,Mariejeanne Kenzie,mkenzie2n@thetimes.co.uk,Napier,1/29/2025
97,Adelaide Donovin,adonovin2o@google.es,Luopu,3/22/2025
98,Pietra Duffill,pduffill2p@latimes.com,Sobeok,7/3/2025
99,Massimo Waghorne,mwaghorne2q@dagondesign.com,Tianjin,8/16/2024
100,Maible Cracknell,mcracknell2r@wired.com,Bagumbayan,8/9/2024
101,Brewer Nettles,bnettles2s@businessweek.com,RousÃ­nov,9/13/2024
102,Winnah Blaza,wblaza2t@shinystat.com,Tyczyn,2/4/2025
103,Dasi Blaber,dblaber2u@moonfruit.com,Brunssum,4/8/2025
104,Graeme Courtenay,gcourtenay2v@123-reg.co.uk,Bergville,9/30/2024
105,Gratia Lyte,glyte2w@php.net,LÃ¼cheng,6/23/2025
106,Delores Sewell,dsewell2x@free.fr,Japerejo,9/13/2024
107,Budd Shaves,bshaves2y@quantcast.com,Baisha,4/28/2025
108,Pedro Hatherall,phatherall2z@yale.edu,Guisser,3/5/2025
109,Saul Clarson,sclarson30@pinterest.com,Mzuzu,1/7/2025
110,Lalo Rawson,lrawson31@imgur.com,Kangar,8/13/2024
111,Alec Tackett,atackett32@independent.co.uk,Kanâ€™onjichÅ,6/2/2025
112,Coleman Meiklem,cmeiklem33@unicef.org,LefkÃ­mmi,7/29/2024
113,Gleda Huws,ghuws34@shutterfly.com,Aglipay,6/22/2025
114,Dasya Wilshere,dwilshere35@webnode.com,Kafr ad DÄ«k,9/18/2024
115,Pattie Jukubczak,pjukubczak36@kickstarter.com,Hazlov,11/13/2024
116,Gerladina Verrillo,gverrillo37@forbes.com,Kamirenjaku,1/5/2025
117,Lorrie Maccari,lmaccari38@webs.com,PostÅ™elmov,4/3/2025
118,Haleigh Pridmore,hpridmore39@reuters.com,Pirok,1/30/2025
119,Kate Kmietsch,kkmietsch3a@mlb.com,Bandar â€˜AbbÄs,6/28/2025
120,Dalt Stode,dstode3b@sakura.ne.jp,Xinpu,8/24/2024
121,Velma Spaice,vspaice3c@ezinearticles.com,Tiglauigan,11/11/2024
122,Teodor Quarles,tquarles3d@wufoo.com,Derventa,9/19/2024
123,Linn Galbraeth,lgalbraeth3e@miitbeian.gov.cn,Ã‰vreux,1/22/2025
124,Biddie Coo,bcoo3f@friendfeed.com,Luohe,11/18/2024
125,Burk Cairns,bcairns3g@mysql.com,Maceda,10/11/2024
126,Inness Ianiello,iianiello3h@lycos.com,DarÅ‚owo,1/16/2025
127,Emelen La Croce,ela3i@mail.ru,Casa Quemada,12/6/2024
128,Stearn Devany,sdevany3j@chronoengine.com,VÃ¤sterÃ¥s,11/26/2024
129,Gerta Stonehewer,gstonehewer3k@miibeian.gov.cn,Guyang,9/25/2024
130,Stanislaw Pursey,spursey3l@china.com.cn,Saint-GrÃ©goire,2/1/2025
131,Luciana Winspurr,lwinspurr3m@slideshare.net,Zapod,3/14/2025
132,Lucille Ruzicka,lruzicka3n@cisco.com,San Lorenzo,2/13/2025
133,Butch Memmory,bmemmory3o@creativecommons.org,Araras,12/8/2024
134,Darell Clopton,dclopton3p@ed.gov,Clervaux,10/26/2024
135,Grier Mordecai,gmordecai3q@theatlantic.com,Alberton,4/14/2025
136,Rriocard Swinglehurst,rswinglehurst3r@eventbrite.com,Gardinovci,3/2/2025
137,Angelina Davidovici,adavidovici3s@deviantart.com,Kobyzhcha,1/3/2025
138,Katrine Bridie,kbridie3t@storify.com,ÅÄ…ck,5/1/2025
139,West Gerrets,wgerrets3u@webeden.co.uk,Palamadu,3/13/2025
140,Reid Tresler,rtresler3v@apple.com,Lincoln,6/21/2025
141,Loralee Kincaid,lkincaid3w@mac.com,Bantarsari Kulon,12/17/2024
142,Cyrille Gandley,cgandley3x@auda.org.au,Wushan,1/13/2025
143,Annabel Wiersma,awiersma3y@linkedin.com,Muara,11/21/2024
144,Christie Bouda,cbouda3z@tinypic.com,Karlobag,11/24/2024
145,Lucita Melrose,lmelrose40@sfgate.com,Cikendi,8/2/2024
146,Templeton Ridgwell,tridgwell41@hud.gov,Montpellier,1/18/2025
147,Ede Mulligan,emulligan42@ovh.net,Kurovskoye,6/6/2025
148,Alisander Kohn,akohn43@cbslocal.com,Lefortovo,9/8/2024
149,Jewelle Berling,jberling44@nationalgeographic.com,Shakhtarsâ€™k,12/27/2024
150,Keefe Warcop,kwarcop45@un.org,Triesenberg,4/3/2025
151,Willi Pierri,wpierri46@discuz.net,San CristÃ³bal Verapaz,3/14/2025
152,Claribel Leah,cleah47@blinklist.com,Patulul,3/20/2025
153,Irvine Reame,ireame48@foxnews.com,Xijiao,2/10/2025
154,Paulette Boissier,pboissier49@ycombinator.com,Kant,2/22/2025
155,Morlee Bowling,mbowling4a@people.com.cn,Tingping,6/9/2025
156,Candra Goozee,cgoozee4b@bing.com,Kisanga,2/17/2025
157,Laughton Crossley,lcrossley4c@cam.ac.uk,Chengdong,12/9/2024
158,Viki Manwell,vmanwell4d@upenn.edu,Mercedes,1/3/2025
159,Kalil Fraczek,kfraczek4e@cornell.edu,Pinhais,12/24/2024
160,Franciskus Jacomb,fjacomb4f@independent.co.uk,Inyati,2/11/2025
161,Dollie Grimmert,dgrimmert4g@pagesperso-orange.fr,KÄmyÄrÄn,5/6/2025
162,Creighton Davidovich,cdavidovich4h@diigo.com,Kiev,12/23/2024
163,Pedro Halbard,phalbard4i@state.tx.us,Ã–rebro,12/28/2024
164,Agnes Castiello,acastiello4j@abc.net.au,Armenia,9/22/2024
165,Geordie Zammitt,gzammitt4k@apple.com,ZÃ¡horovice,5/4/2025
166,Harvey Leyband,hleyband4l@facebook.com,Chaltyr,9/10/2024
167,Bea Vasyushkhin,bvasyushkhin4m@nymag.com,Zhangcaizhuang,11/18/2024
168,Fayette Sumbler,fsumbler4n@google.co.uk,Morteros,3/16/2025
169,Anallese Aronowitz,aaronowitz4o@gov.uk,PeÃ±a,1/12/2025
170,Suzi O'Looney,solooney4p@1688.com,Å½emaiÄiÅ³ Naumiestis,12/12/2024
171,Chane Drezzer,cdrezzer4q@nhs.uk,Hujra,8/6/2024
172,Odie Clousley,oclousley4r@bigcartel.com,Xianlin,11/27/2024
173,Newton Hainge,nhainge4s@shinystat.com,Tombatu,6/7/2025
174,Keary Sherebrook,ksherebrook4t@tamu.edu,Kuczbork-Osada,11/2/2024
175,Blancha Kittle,bkittle4u@comsenz.com,Grand Bois,7/26/2024
176,Spence Sommerfeld,ssommerfeld4v@sciencedaily.com,Saguing,10/9/2024
177,Alaster Cranmere,acranmere4w@auda.org.au,Nioro,12/7/2024
178,Byram Cressor,bcressor4x@sogou.com,Zgornje Gorje,3/2/2025
179,Maia Paridge,mparidge4y@unc.edu,Komyshuvakha,7/25/2024
180,Randa Carey,rcarey4z@php.net,Aranguren,7/10/2025
181,Berna Lathbury,blathbury50@google.com.br,Dujuuma,8/8/2024
182,Ashli Gramer,agramer51@nba.com,GalÃ¡tsi,12/23/2024
183,Megen Gerbel,mgerbel52@amazon.de,Amaraji,4/6/2025
184,Cull Punchard,cpunchard53@stumbleupon.com,Katsuyama,5/6/2025
185,Virgie Turford,vturford54@so-net.ne.jp,Lau,12/15/2024
186,Annecorinne Wrangle,awrangle55@forbes.com,Youxi Chengguanzhen,7/9/2025
187,Dalston Strafen,dstrafen56@wired.com,Breda,1/26/2025
188,George Coxhead,gcoxhead57@yellowbook.com,Ruteng,6/24/2025
189,Candida Maudett,cmaudett58@aol.com,Itaperuna,10/2/2024
190,Flor Aishford,faishford59@domainmarket.com,Jinji,10/24/2024
191,Otes Schistl,oschistl5a@yolasite.com,AlenÃ§on,9/25/2024
192,Hi Gladeche,hgladeche5b@vk.com,Shangyuan,8/12/2024
193,Cathyleen Simione,csimione5c@slate.com,Maulavi BÄzÄr,1/6/2025
194,Kirsten Eringey,keringey5d@nih.gov,Dongming,11/4/2024
195,Clarke Fernley,cfernley5e@youtu.be,Uppsala,4/15/2025
196,Basilius Gunnell,bgunnell5f@rakuten.co.jp,Artsvanist,4/3/2025
197,Jaquelyn Izzatt,jizzatt5g@mac.com,Kyjov,3/6/2025
198,Wadsworth Line,wline5h@oracle.com,Ãguas de LindÃ³ia,2/28/2025
199,Lombard Ochterlony,lochterlony5i@photobucket.com,Bratislava,12/23/2024
200,Ebenezer Cancellor,ecancellor5j@360.cn,Banocboc,10/11/2024
201,Philippa Gallaher,pgallaher5k@goodreads.com,Dangchang Chengguanzhen,7/12/2025
202,Otha Crippin,ocrippin5l@comcast.net,Lautaro,9/14/2024
203,Hermon Caldera,hcaldera5m@opera.com,Kansas City,6/23/2025
204,Kimbell Lavin,klavin5n@ox.ac.uk,Cuyotenango,2/18/2025
205,Gerda Jeannesson,gjeannesson5o@tumblr.com,Dagkar,3/23/2025
206,Halli Bloomfield,hbloomfield5p@dion.ne.jp,Nyazepetrovsk,6/23/2025
207,Elysia Irwin,eirwin5q@thetimes.co.uk,Lyon,5/19/2025
208,Irene Crannell,icrannell5r@fda.gov,Chicago,1/13/2025
209,James Beer,jbeer5s@posterous.com,Pueblo Nuevo ViÃ±as,5/8/2025
210,Hyacintha Riglesford,hriglesford5t@miitbeian.gov.cn,Timpas,1/27/2025
211,Camey Calrow,ccalrow5u@irs.gov,PeÃ±al,8/28/2024
212,Rutger Meo,rmeo5v@facebook.com,Luzon,7/2/2025
213,Harris Bachura,hbachura5w@alibaba.com,San Juan SacatepÃ©quez,1/30/2025
214,Jason Hearnden,jhearnden5x@columbia.edu,Pital,2/20/2025
215,Justina Goodwins,jgoodwins5y@usda.gov,Lincoln,4/15/2025
216,Alford Houseago,ahouseago5z@drupal.org,San Alejandro,4/30/2025
217,Jeanette Bolliver,jbolliver60@tiny.cc,Geshan,2/12/2025
218,Eleonora Piburn,epiburn61@wiley.com,Komsomolâ€™sâ€™ke,6/2/2025
219,Khalil Filippazzo,kfilippazzo62@ebay.com,Bistrinci,2/21/2025
220,Welby Doughty,wdoughty63@dmoz.org,Ipoh,10/18/2024
221,Barnabas Berringer,bberringer64@plala.or.jp,MÃ¶lndal,3/17/2025
222,Lorri Holliar,lholliar65@liveinternet.ru,Gremyachinsk,6/8/2025
223,Nesta Whitesel,nwhitesel66@zdnet.com,Donostia-San Sebastian,7/13/2025
224,Jen Gosnoll,jgosnoll67@stumbleupon.com,Xiamao,1/4/2025
225,Millicent Stowe,mstowe68@paginegialle.it,Fukiage-fujimi,7/2/2025
226,Fanechka Dracksford,fdracksford69@nyu.edu,Anding,10/24/2024
227,Lilas Rosita,lrosita6a@dedecms.com,Huangduobu,2/3/2025
228,Gael Adlard,gadlard6b@mlb.com,Kebunan,8/5/2024
229,Farleigh Wilcocks,fwilcocks6c@wikia.com,Floda,3/28/2025
230,Camille Creese,ccreese6d@ox.ac.uk,SÃ¤ter,12/15/2024
231,Keely Brahms,kbrahms6e@nature.com,Cetinje,2/1/2025
232,Eddy Stutely,estutely6f@army.mil,San Francisco,11/30/2024
233,Deloria Comport,dcomport6g@gravatar.com,Rayevskiy,10/9/2024
234,Amelie Padbery,apadbery6h@surveymonkey.com,Kadugadung,12/28/2024
235,Elnore Basnall,ebasnall6i@china.com.cn,VÃ¤nersborg,3/23/2025
236,Ronni Shory,rshory6j@phpbb.com,Krasnyye Barrikady,3/1/2025
237,Charlena Shoreman,cshoreman6k@washington.edu,PÅ™imda,6/8/2025
238,Dionis Tomes,dtomes6l@infoseek.co.jp,Shaxi,10/27/2024
239,Noelyn Bracco,nbracco6m@bizjournals.com,Shaxi,7/5/2025
240,Cindie Ciubutaro,cciubutaro6n@4shared.com,Shuangjie,4/22/2025
241,Bendite Oslar,boslar6o@vistaprint.com,San Fernando,12/16/2024
242,Karlan Shillabeare,kshillabeare6p@webeden.co.uk,Kushikino,10/13/2024
243,Travus Vequaud,tvequaud6q@bigcartel.com,MaÅ£Äy,10/11/2024
244,Findley Metrick,fmetrick6r@github.io,Singasari,9/26/2024
245,Briana Portress,bportress6s@domainmarket.com,An NaÅŸr,9/15/2024
246,Hewitt Zanitti,hzanitti6t@ucoz.ru,Shalang,12/22/2024
247,Clemente Colnett,ccolnett6u@godaddy.com,Palalang,8/5/2024
248,Adriaens Sidsaff,asidsaff6v@cloudflare.com,Baryshivka,5/31/2025
249,Jacobo Semeradova,jsemeradova6w@51.la,Huangqi,6/17/2025
250,Leah Pauli,lpauli6x@hatena.ne.jp,El Paso,5/22/2025
251,Kleon Matuskiewicz,kmatuskiewicz6y@google.nl,Sortavala,8/12/2024
252,Vonny Kitman,vkitman6z@wikimedia.org,Gongpo,5/25/2025
253,Todd Lindup,tlindup70@globo.com,Jiaozuo,7/24/2024
254,Annecorinne Brehat,abrehat71@alexa.com,Spirovo,5/21/2025
255,Shalom Moen,smoen72@craigslist.org,Pisang,10/16/2024
256,Robinia Mozzini,rmozzini73@angelfire.com,Ãlimos,1/28/2025
257,Florrie Darrington,fdarrington74@indiatimes.com,Kil,11/16/2024
258,Caprice Weblin,cweblin75@topsy.com,Menampukrajan,12/10/2024
259,Korie Ebbs,kebbs76@psu.edu,Allkaj,5/19/2025
260,Leona Sigmund,lsigmund77@wp.com,Diancun,7/11/2025
261,Michale Spraging,mspraging78@opera.com,Viljandi,10/16/2024
262,Cammie Keeler,ckeeler79@people.com.cn,Cardal,6/16/2025
263,Augusto Prendergrass,aprendergrass7a@livejournal.com,Shimotoda,8/24/2024
264,Lloyd Cutmere,lcutmere7b@mit.edu,Rennes,7/13/2025
265,Lief Pohlke,lpohlke7c@chicagotribune.com,Angkup,7/2/2025
266,Rayshell Tattershaw,rtattershaw7d@sakura.ne.jp,San Jacinto,12/12/2024
267,Fredek Pim,fpim7e@networkadvertising.org,QuintÃ£s,4/18/2025
268,Kelly Grimston,kgrimston7f@epa.gov,Jargalant,8/4/2024
269,Erroll Goldsby,egoldsby7g@usnews.com,Janaka,5/3/2025
270,Kerrie Sawdy,ksawdy7h@biglobe.ne.jp,Calimete,2/22/2025
271,Hashim Tinner,htinner7i@thetimes.co.uk,TÃ¤by,11/13/2024
272,Malory Aldrich,maldrich7j@hexun.com,Tirtopuro,12/3/2024
273,Mitchel Hew,mhew7k@buzzfeed.com,Ãnfias,6/11/2025
274,Vivian Lehrle,vlehrle7l@arstechnica.com,Beicheng,3/17/2025
275,Berny Berntssen,bberntssen7m@bloglovin.com,Bobowo,7/10/2025
276,Maisey Fall,mfall7n@tumblr.com,Guozhuang,8/31/2024
277,Merwyn Pigot,mpigot7o@google.com,Poligny,7/4/2025
278,Sherrie Shurey,sshurey7p@wikimedia.org,Torez,1/27/2025
279,Chandra Swetland,cswetland7q@about.me,Morris,12/12/2024
280,Edgard Strelitzki,estrelitzki7r@reddit.com,Cipeucang,7/14/2025
281,Benson Hammon,bhammon7s@go.com,Beihe,11/12/2024
282,Anatole Paradine,aparadine7t@salon.com,Kawangohari,4/5/2025
283,Sayer Dimitriou,sdimitriou7u@twitpic.com,Lagawe,6/28/2025
284,Rabbi Pidgin,rpidgin7v@reddit.com,Aranitas,7/26/2024
285,Dan Thews,dthews7w@cam.ac.uk,Warburton,7/19/2025
286,Carolus Jeacop,cjeacop7x@nih.gov,Al JÄ«zah,1/26/2025
287,Inga Sennett,isennett7y@blog.com,Santa Maria,12/7/2024
288,Nadiya Haydney,nhaydney7z@cbslocal.com,MontbÃ©liard,1/21/2025
289,Hall Bramstom,hbramstom80@drupal.org,Khallat ad DÄr,11/7/2024
290,Lucita Labrenz,llabrenz81@domainmarket.com,Novyy Svit,10/31/2024
291,Lura Twinberrow,ltwinberrow82@chron.com,Santa Cruz del Sur,7/26/2024
292,Eb Placido,eplacido83@harvard.edu,Rappang,1/18/2025
293,Jonathan Scallon,jscallon84@smugmug.com,Bertoua,10/4/2024
294,Kaitlynn Bellfield,kbellfield85@deliciousdays.com,Maâ€˜dÄn,10/18/2024
295,Wyatan Skokoe,wskokoe86@mlb.com,Chetian,4/14/2025
296,Brandais Joscelyn,bjoscelyn87@comcast.net,Ryazanskaya,11/4/2024
297,Jamie Cabrara,jcabrara88@disqus.com,DÃ½Å¡ina,1/16/2025
298,Mitch Frangleton,mfrangleton89@weather.com,Tsotsin-Yurt,10/4/2024
299,Mendy Cousens,mcousens8a@epa.gov,Heping,5/22/2025
300,Fleur Awton,fawton8b@ucsd.edu,Hexi,1/3/2025
301,Ragnar Baudon,rbaudon8c@pbs.org,Gbawe,2/14/2025
302,Derron Heathorn,dheathorn8d@globo.com,Tungelsta,6/4/2025
303,Deonne Burril,dburril8e@nbcnews.com,Mubende,12/1/2024
304,Angelo Billing,abilling8f@sina.com.cn,Tokyo,1/18/2025
305,Alyda Preshous,apreshous8g@google.it,PÃ©cs,8/19/2024
306,Wash Caygill,wcaygill8h@state.tx.us,Daixi,7/12/2025
307,Lil Haberfield,lhaberfield8i@businessinsider.com,Dvorovi,10/20/2024
308,Joni Osant,josant8j@comsenz.com,Daugavpils,3/7/2025
309,Mavra Bateson,mbateson8k@redcross.org,Mountain View,6/6/2025
310,Hubert Clifford,hclifford8l@de.vu,Kutamandarakan,11/27/2024
311,Nicolina Lansley,nlansley8m@wikispaces.com,Oro Timur,8/20/2024
312,Jeffy Wallege,jwallege8n@list-manage.com,Sedinginan,4/27/2025
313,Filia Polglaze,fpolglaze8o@marriott.com,Jinggongqiao,5/10/2025
314,Booth Farny,bfarny8p@ow.ly,Xianrendu,3/15/2025
315,Camila Coltman,ccoltman8q@nifty.com,Delod Pangkung,2/11/2025
316,Adriena McCaughey,amccaughey8r@ycombinator.com,SÃ£o SebastiÃ£o do ParaÃ­so,9/19/2024
317,Angil Biaggi,abiaggi8s@mozilla.com,Kota Ternate,11/4/2024
318,Jacobo Liebrecht,jliebrecht8t@livejournal.com,Uzgen,1/28/2025
319,Maryanna Methuen,mmethuen8u@latimes.com,Juai,1/18/2025
320,Latia Amerighi,lamerighi8v@hhs.gov,Borovany,9/29/2024
321,Mitchel Plowright,mplowright8w@bbc.co.uk,Jeleuk,7/16/2025
322,Enos Currum,ecurrum8x@alexa.com,Ronneby,7/15/2025
323,Austen Surgood,asurgood8y@opera.com,Toshbuloq,10/4/2024
324,Selena Janjic,sjanjic8z@skyrock.com,Mariefred,12/18/2024
325,Clio Lenoir,clenoir90@timesonline.co.uk,Rizal,9/18/2024
326,Clevey Gonnely,cgonnely91@shutterfly.com,Gandara,4/17/2025
327,Zuzana Edess,zedess92@deviantart.com,Xianrendu,1/27/2025
328,Jerry Giddons,jgiddons93@trellian.com,Hufeng,8/12/2024
329,Nickola Canas,ncanas94@wunderground.com,Postmasburg,2/9/2025
330,Bart Medina,bmedina95@bbc.co.uk,Issia,7/31/2024
331,Josepha Mongenot,jmongenot96@columbia.edu,Pueblo Nuevo,2/6/2025
332,Myrna Zemler,mzemler97@marriott.com,Soca,12/13/2024
333,Amble Nannoni,anannoni98@tamu.edu,Cumba,7/5/2025
334,Quentin Scothorne,qscothorne99@angelfire.com,NykÃ¶ping,4/28/2025
335,Crissie Matzen,cmatzen9a@ihg.com,Punolu,5/14/2025
336,Gisele Meiklem,gmeiklem9b@cpanel.net,SokÃ³Å‚ka,12/18/2024
337,Collete Reichartz,creichartz9c@blogspot.com,Fangli,11/1/2024
338,Jo ann Madre,jann9d@networksolutions.com,Pizarro,12/26/2024
339,Trace Koenen,tkoenen9e@fda.gov,Huaniao,9/14/2024
340,Devin Regardsoe,dregardsoe9f@foxnews.com,Anseong,11/14/2024
341,Sebastien Windsor,swindsor9g@smh.com.au,Strumica,1/20/2025
342,Henka Snoxell,hsnoxell9h@bbc.co.uk,Cocobeach,2/25/2025
343,Mindy Jiruch,mjiruch9i@github.io,JÃ¶nkÃ¶ping,2/11/2025
344,Kin Inker,kinker9j@ocn.ne.jp,Kabac,1/27/2025
345,Mahalia Batrip,mbatrip9k@washingtonpost.com,Rakek,5/23/2025
346,Elisha Petticrew,epetticrew9l@phpbb.com,Yuxin,10/26/2024
347,Wendell Epinoy,wepinoy9m@amazonaws.com,Zavetnoye,6/17/2025
348,Shayna Wink,swink9n@nytimes.com,Uttar Char Fasson,3/12/2025
349,Blondie Earney,bearney9o@google.com,Lubao,8/12/2024
350,Tallia Bleakley,tbleakley9p@mysql.com,Tawaramoto,6/21/2025
351,Pearle Flawith,pflawith9q@blogtalkradio.com,Bronx,3/31/2025
352,Thedrick Adenot,tadenot9r@yahoo.co.jp,GoÃºvai,8/20/2024
353,Eleni Snashall,esnashall9s@cnbc.com,Gorang,9/8/2024
354,Claude Overell,coverell9t@yellowpages.com,Lindesberg,9/21/2024
355,Laurel Gillott,lgillott9u@netvibes.com,Cijapar,3/26/2025
356,Erin Willshear,ewillshear9v@infoseek.co.jp,Oskarshamn,3/18/2025
357,Douglass Paffley,dpaffley9w@cpanel.net,Sukorejo,2/4/2025
358,Cecil Tabourel,ctabourel9x@netlog.com,Acopiara,12/9/2024
359,Lisha Loughead,lloughead9y@github.com,Mulhouse,10/18/2024
360,Rivi Moxley,rmoxley9z@spotify.com,Ancahuasi,2/9/2025
361,Betta Barrim,bbarrima0@mapquest.com,MarjayoÃ»n,7/25/2024
362,Andonis Pearde,apeardea1@xinhuanet.com,Vannes,2/25/2025
363,Joice Pain,jpaina2@livejournal.com,Huangrangping,12/30/2024
364,Orland Westwell,owestwella3@fotki.com,Dolati,12/26/2024
365,Cathee D'Ambrosio,cdambrosioa4@arizona.edu,Xilong,2/6/2025
366,Osmond Yakunin,oyakunina5@addthis.com,Shuibatang,2/10/2025
367,Northrup Broscombe,nbroscombea6@epa.gov,Suphan Buri,4/30/2025
368,Xenos Washtell,xwashtella7@japanpost.jp,Delft,11/28/2024
369,Anitra Townley,atownleya8@hostgator.com,Fenchen,9/19/2024
370,Allen Neads,aneadsa9@networkadvertising.org,Kujang,1/14/2025
371,Alli Binion,abinionaa@harvard.edu,SzczercÃ³w,3/13/2025
372,Hertha Mully,hmullyab@last.fm,Ayamaru,10/19/2024
373,Marie-ann Culleford,mcullefordac@netvibes.com,Dayu,5/26/2025
374,Chicky Flegg,cfleggad@pbs.org,Tarko-Sale,12/16/2024
375,Candide Neeves,cneevesae@deliciousdays.com,Furong,12/12/2024
376,Riane Ramsdell,rramsdellaf@godaddy.com,Nart,12/28/2024
377,Cris Degoe,cdegoeag@shareasale.com,Veldhoven,1/3/2025
378,Forest Girardet,fgirardetah@businessinsider.com,JalqamÅ«s,12/21/2024
379,Henryetta Common,hcommonai@yandex.ru,Margacina,5/23/2025
380,Siward Dodsley,sdodsleyaj@skype.com,Campana,6/9/2025
381,Kariotta Henniger,khennigerak@parallels.com,SÅka,12/12/2024
382,Jill Giacovazzo,jgiacovazzoal@chron.com,Villa Florida,10/10/2024
383,Flossie Chominski,fchominskiam@naver.com,Situ,1/8/2025
384,Reginald Lorans,rloransan@opera.com,Chaumont,4/9/2025
385,Banky Russon,brussonao@seesaa.net,TrÃ  My,10/26/2024
386,Jeromy Mannock,jmannockap@slashdot.org,Al KhushnÄ«yah,5/21/2025
387,Bonita Bravery,bbraveryaq@smh.com.au,Bijaepasu,7/29/2024
388,Broderick Hullins,bhullinsar@oakley.com,Noemuti,10/15/2024
389,Cosimo Hernik,chernikas@google.fr,Maâ€™an,9/14/2024
390,Sindee Leisman,sleismanat@si.edu,Estrela,7/27/2024
391,Jessey Solly,jsollyau@indiegogo.com,Plottier,3/28/2025
392,Roman Drakard,rdrakardav@live.com,Fagersta,7/21/2024
393,Mimi Hamlington,mhamlingtonaw@tinypic.com,Naushahro FÄ«roz,11/29/2024
394,Donnamarie Jessope,djessopeax@naver.com,Ã…tvidaberg,1/6/2025
395,Dell McRinn,dmcrinnay@wix.com,ZabruÅ¡any,5/30/2025
396,Mikel Bakeup,mbakeupaz@nytimes.com,Vilque,2/28/2025
397,Willyt Jozsa,wjozsab0@ow.ly,Asan Kumbang,7/25/2024
398,Cleopatra Senett,csenettb1@twitter.com,Leeuwarden,8/27/2024
399,Vic Pudney,vpudneyb2@si.edu,Wilwerwiltz,4/20/2025
400,Emmerich Greave,egreaveb3@tinyurl.com,JunÃ­n,5/3/2025
401,Cathlene Vischi,cvischib4@stumbleupon.com,San AgustÃ­n,1/21/2025
402,Clair Gridon,cgridonb5@ehow.com,VÃ¤stervik,10/12/2024
403,Gardener Moynham,gmoynhamb6@wiley.com,OstroÅ¾skÃ¡ Lhota,6/11/2025
404,Ros Cholonin,rcholoninb7@yandex.ru,Bolâ€™shoy Karay,12/20/2024
405,Jonathon Burgher,jburgherb8@businessweek.com,Novouzensk,7/15/2025
406,Alvera Philippsohn,aphilippsohnb9@homestead.com,Puricay,2/17/2025
407,Nikolas Keable,nkeableba@sbwire.com,TacuatÃ­,1/25/2025
408,Tammie Rossant,trossantbb@posterous.com,Panambi,6/24/2025
409,Nevins Pickavance,npickavancebc@chron.com,Yujia,8/14/2024
410,Serene Puleston,spulestonbd@ed.gov,Souto,2/17/2025
411,West Labat,wlabatbe@geocities.jp,Fort Worth,6/14/2025
412,Bettine Glawsop,bglawsopbf@chronoengine.com,Tatebal,6/9/2025
413,Jermaine Speechly,jspeechlybg@sitemeter.com,Humble,6/16/2025
414,Camilla Drei,cdreibh@cisco.com,TelÄ,6/18/2025
415,Grace Beardshaw,gbeardshawbi@japanpost.jp,Juhut,9/3/2024
416,Shaughn Novotni,snovotnibj@cpanel.net,Anse Boileau,11/29/2024
417,Melly Drennan,mdrennanbk@wisc.edu,BorÃ¥s,11/4/2024
418,Berke Rouzet,brouzetbl@theglobeandmail.com,Usmanâ€™,3/27/2025
419,Perla Riley,prileybm@abc.net.au,Itapaci,12/24/2024
420,Link Foucar,lfoucarbn@w3.org,Guantun,3/8/2025
421,Upton Bottle,ubottlebo@nps.gov,Jifeng,6/16/2025
422,Roma Bern,rbernbp@zimbio.com,Itapicuru,6/3/2025
423,Burr Tomei,btomeibq@sohu.com,Dumaguil,1/8/2025
424,Thelma Dubbin,tdubbinbr@fastcompany.com,Wolonio,11/28/2024
425,Georgi Derdes,gderdesbs@diigo.com,Xiaolong,1/10/2025
426,Arin Merryman,amerrymanbt@redcross.org,Mar del Plata,4/22/2025
427,Lennie Cruces,lcrucesbu@webmd.com,Baimi,8/30/2024
428,Gwyneth McGregor,gmcgregorbv@sina.com.cn,Uchimaru,7/31/2024
429,Quintus Charon,qcharonbw@sitemeter.com,Breda,12/12/2024
430,Susan Soppit,ssoppitbx@flavors.me,Rangxi,9/1/2024
431,Maggi Blindt,mblindtby@cloudflare.com,Helsingborg,8/3/2024
432,Alisun Officer,aofficerbz@pcworld.com,Emiliano Zapata,7/28/2024
433,Neysa Byars,nbyarsc0@soundcloud.com,Daqingshan,10/29/2024
434,Mora Cuerda,mcuerdac1@alexa.com,Angers,11/19/2024
435,Lucias Duigan,lduiganc2@people.com.cn,Kuressaare,3/20/2025
436,Gardie Stradling,gstradlingc3@gravatar.com,AlquÃ­zar,8/25/2024
437,Sabina Laroux,slarouxc4@wisc.edu,Xirikxiy,3/24/2025
438,Elinore Bradmore,ebradmorec5@prlog.org,Dongming,1/29/2025
439,Lorenza Fahey,lfaheyc6@pagesperso-orange.fr,Waigete,10/8/2024
440,Gertie Seabright,gseabrightc7@mapquest.com,Lemery,5/6/2025
441,Alleyn McQuarter,amcquarterc8@reuters.com,Porteirinha,7/15/2025
442,Domenico Pendleton,dpendletonc9@webmd.com,Seltjarnarnes,3/13/2025
443,Daniele Minors,dminorsca@wikimedia.org,Kedunglo,9/17/2024
444,Shelton Tonge,stongecb@vk.com,Cincinnati,10/27/2024
445,Dianemarie Sannes,dsannescc@netlog.com,Topory,12/25/2024
446,Ase Chudleigh,achudleighcd@yahoo.com,Wawer,8/28/2024
447,Cyndia Matyashev,cmatyashevce@issuu.com,Vishnyeva,10/15/2024
448,Amii Dalston,adalstoncf@rediff.com,Rio Formoso,5/28/2025
449,Christian Hyslop,chyslopcg@blogspot.com,Oslo,5/24/2025
450,Kassie Hutcheson,khutchesonch@deviantart.com,Fort Wayne,3/13/2025
451,Aloisia Dalgarnocht,adalgarnochtci@freewebs.com,Guzhuyingzi,8/2/2024
452,Jany Lawden,jlawdencj@printfriendly.com,SirÄjganj,4/22/2025
453,Carlee Rooney,crooneyck@gov.uk,Nanhuang,6/22/2025
454,Lonnard Christofol,lchristofolcl@va.gov,ShÅ«kat aÅŸ ÅžÅ«fÄ«,1/16/2025
455,Lauretta Woodall,lwoodallcm@tmall.com,Bantogon,5/6/2025
456,Theadora Feldbaum,tfeldbaumcn@baidu.com,Grand Sable,11/17/2024
457,Siana Tern,sternco@csmonitor.com,Trucuk,2/24/2025
458,Allin Benfield,abenfieldcp@hostgator.com,Tanjung,7/26/2024
459,Blanch Quant,bquantcq@deviantart.com,PinhÃ£o,11/11/2024
460,Marice MacElholm,mmacelholmcr@ed.gov,Champaign,8/30/2024
461,Ashlie Dickson,adicksoncs@independent.co.uk,Kandhkot,9/4/2024
462,Corny Commander,ccommanderct@springer.com,Luotaping,6/4/2025
463,Revkah Chatelot,rchatelotcu@paginegialle.it,Camperdown,6/17/2025
464,Thia Tippings,ttippingscv@mozilla.com,Sacramento,2/6/2025
465,Sonny August,saugustcw@yahoo.com,Yangong,2/18/2025
466,Estrellita Dunlea,edunleacx@creativecommons.org,KÃ¸benhavn,11/24/2024
467,Sonni Van de Velde,svancy@jalbum.net,Smiltene,10/5/2024
468,Martynne Hinze,mhinzecz@1688.com,Guangfu,12/24/2024
469,Barbaraanne Andriulis,bandriulisd0@woothemes.com,Machagai,8/26/2024
470,Josh Babington,jbabingtond1@topsy.com,Linxi,10/18/2024
471,Trev Wildes,twildesd2@macromedia.com,Dimiao,6/29/2025
472,Lanita Forgan,lforgand3@wsj.com,Yeyik,8/5/2024
473,Willow Cater,wcaterd4@cbc.ca,Libu,10/4/2024
474,Lynett Vigar,lvigard5@narod.ru,DzÃ¼Ã¼nkharaa,5/17/2025
475,Clim Belsham,cbelshamd6@bluehost.com,Xiyuan,9/24/2024
476,Phillis Daens,pdaensd7@trellian.com,Dashahe,8/19/2024
477,Devin Newtown,dnewtownd8@sohu.com,Dalonghua,3/25/2025
478,Jacqueline Jacklings,jjacklingsd9@woothemes.com,KombÃ«si,9/11/2024
479,Norby Pellew,npellewda@nifty.com,Aldergrove,11/1/2024
480,Anna-diana Marchington,amarchingtondb@qq.com,Banatski Dvor,1/14/2025
481,Electra McGeady,emcgeadydc@biblegateway.com,Lesnoy,7/27/2024
482,Rayshell Brugsma,rbrugsmadd@etsy.com,Tumba,6/29/2025
483,Gustaf Saunt,gsauntde@businessweek.com,Arapongas,7/11/2025
484,Abey Rycroft,arycroftdf@diigo.com,Aleshtar,5/26/2025
485,Elias Sainter,esainterdg@amazon.co.jp,Xinshi,9/6/2024
486,Reube Vescovo,rvescovodh@t.co,Tsagaannuur,12/22/2024
487,Joycelin Albarez,jalbarezdi@disqus.com,Piduhe,5/10/2025
488,Rosalyn Gossage,rgossagedj@goo.gl,Izazi,2/24/2025
489,Blondy Houlston,bhoulstondk@time.com,Itapuranga,1/9/2025
490,Bernardina Deerr,bdeerrdl@a8.net,Fenghuo,12/20/2024
491,Galvin Hucklesby,ghucklesbydm@cbslocal.com,Ikeja,5/8/2025
492,Roman Spatarul,rspataruldn@techcrunch.com,Verkhozim,7/21/2024
493,Moritz Bardell,mbardelldo@t-online.de,ÅžabÄá¸© as SÄlim,11/29/2024
494,Octavius Tschierse,otschiersedp@freewebs.com,Niort,11/11/2024
495,Joella Klain,jklaindq@blog.com,Dajasongai,2/27/2025
496,Rosy Dumphrey,rdumphreydr@edublogs.org,GÃ¶teborg,7/14/2025
497,Vyky Beane,vbeaneds@scribd.com,Binalonan,9/27/2024
498,Keenan Thorburn,kthorburndt@mayoclinic.com,LeipsoÃ­,6/4/2025
499,Balduin Shulem,bshulemdu@howstuffworks.com,Erie,6/4/2025
500,Gerri Attreed,gattreeddv@si.edu,Salisbury,3/31/2025
501,Aileen Prestige,aprestigedw@de.vu,Gazimurskiy Zavod,4/26/2025
502,Manon Ellcock,mellcockdx@dedecms.com,Krajan Timur Mlokorejo,4/20/2025
503,Farah Parzis,fparzisdy@oakley.com,ÅžÄnÅ«r,5/16/2025
504,Willi Vasilchenko,wvasilchenkodz@paypal.com,Foluo,6/7/2025
505,Dyane Menel,dmenele0@bigcartel.com,Lamont,4/24/2025
506,Rolland Haffner,rhaffnere1@wikispaces.com,Krajan Satu,8/23/2024
507,Hilly Shipley,hshipleye2@delicious.com,ChiriguanÃ¡,1/17/2025
508,Clemente Gaiford,cgaiforde3@diigo.com,PÃ½li,8/10/2024
509,Danell Gass,dgasse4@sciencedaily.com,Zhongxian,2/20/2025
510,Bartolemo Netting,bnettinge5@wikimedia.org,Atlanta,4/4/2025
511,Odell Gotliffe,ogotliffee6@phoca.cz,Old Shinyanga,7/5/2025
512,Ced Karolovsky,ckarolovskye7@nsw.gov.au,RoborÃ©,7/6/2025
513,Ame Skewes,askewese8@delicious.com,Starobaltachevo,11/14/2024
514,Rowena Cadlock,rcadlocke9@netlog.com,Gabasumdo,1/4/2025
515,Rance Lammertz,rlammertzea@samsung.com,Batobato,1/27/2025
516,Esma O'Boyle,eoboyleeb@twitpic.com,Song,1/18/2025
517,Celinda Burgan,cburganec@sfgate.com,Singosari,3/26/2025
518,Pepe Heustice,pheusticeed@issuu.com,Snizhne,11/17/2024
519,Adham Checkley,acheckleyee@blinklist.com,Sandayong Sur,2/16/2025
520,Griselda Castagne,gcastagneef@gnu.org,Gamawa,5/15/2025
521,Harmonia Kramer,hkramereg@wix.com,GannÃ© Tiqwa,4/13/2025
522,Garek Matthiesen,gmatthieseneh@forbes.com,Å½idlochovice,1/22/2025
523,Eustace Deetlof,edeetlofei@unc.edu,Zhigong,11/27/2024
524,Jeffy Prinne,jprinneej@nyu.edu,Yopal,10/29/2024
525,Merle Thirlwall,mthirlwallek@timesonline.co.uk,Richmond,7/4/2025
526,Salome Haill,shaillel@cisco.com,Sa Bot,5/15/2025
527,Olenolin Kamiyama,okamiyamaem@china.com.cn,Novokuzâ€™minki,3/14/2025
528,Rene Cessford,rcessforden@discovery.com,Mencon,3/22/2025
529,Barnabas Remnant,bremnanteo@dailymail.co.uk,GÃ¶teborg,5/25/2025
530,Whittaker Birtwisle,wbirtwisleep@delicious.com,Angadanan,9/14/2024
531,Ferdinanda Kachel,fkacheleq@lulu.com,Lavradio,5/12/2025
532,Marcelle Fotherby,mfotherbyer@quantcast.com,Baolong,10/11/2024
533,Cathryn Pickworth,cpickworthes@google.it,Jatinagara Kulon,4/27/2025
534,Ethyl Swansborough,eswansboroughet@examiner.com,Gorichevo,12/3/2024
535,Lorenza Whewell,lwhewelleu@patch.com,Olonets,9/12/2024
536,Kania Kyrkeman,kkyrkemanev@alibaba.com,Al MajÄridah,6/27/2025
537,Hewitt Taffie,htaffieew@mapquest.com,Lizhai,4/21/2025
538,Bobby Bauckham,bbauckhamex@scientificamerican.com,Paitan,2/25/2025
539,Pedro Van Geffen,pvaney@mit.edu,Ararat,4/27/2025
540,Ginevra Tallant,gtallantez@biblegateway.com,Powassan,4/26/2025
541,Tracie Hainey`,thaineyf0@barnesandnoble.com,Magang,6/8/2025
542,Toddy Seaward,tseawardf1@symantec.com,MonterÃ­a,7/14/2025
543,Molli Mulliner,mmullinerf2@washingtonpost.com,Sancha,5/25/2025
544,Jeannie Apark,japarkf3@toplist.cz,Macinhata da Seixa,6/5/2025
545,Marilyn Bauldry,mbauldryf4@studiopress.com,Verd,2/28/2025
546,Ellen McMakin,emcmakinf5@msn.com,GÃ¶teborg,2/10/2025
547,Gisela Fivey,gfiveyf6@sciencedirect.com,Ciperang,1/1/2025
548,Willdon Byres,wbyresf7@dmoz.org,Rutul,6/3/2025
549,Elianora Florentine,eflorentinef8@posterous.com,CaÃ¡la,2/23/2025
550,Marrilee Selvester,mselvesterf9@networksolutions.com,Varkaus,5/30/2025
551,Delora Negro,dnegrofa@shareasale.com,Carbajales,5/25/2025
552,Marylynne Donaghie,mdonaghiefb@gnu.org,Knoxville,12/9/2024
553,Warren Battersby,wbattersbyfc@weather.com,Parung,11/15/2024
554,Vinnie Lakey,vlakeyfd@storify.com,Nadvoitsy,7/30/2024
555,Stacee Tunney,stunneyfe@loc.gov,Kushar,1/8/2025
556,Akim Yakob,ayakobff@foxnews.com,Vilar,7/7/2025
557,Sibylle Tayspell,stayspellfg@oracle.com,CarapicuÃ­ba,8/7/2024
558,Nil Bohden,nbohdenfh@twitpic.com,Huazhou,2/28/2025
559,Ludwig Whiteside,lwhitesidefi@phpbb.com,Krajan Dua Sumbersari,4/30/2025
560,Charmaine Bockings,cbockingsfj@time.com,Magisterial,6/11/2025
561,Lorelei Edmonston,ledmonstonfk@nydailynews.com,Novotroitsk,7/24/2024
562,Joannes Habercham,jhaberchamfl@mac.com,Asbestos,11/5/2024
563,Putnem Southey,psoutheyfm@ifeng.com,Bobadela,2/17/2025
564,Hi Taillant,htaillantfn@wsj.com,Taishanmiao,10/16/2024
565,Tybi Bourley,tbourleyfo@mlb.com,Cihampelas,3/16/2025
566,Jobye Adams,jadamsfp@e-recht24.de,Telsen,1/1/2025
567,Ola Warsap,owarsapfq@sitemeter.com,Sawang Daen Din,10/27/2024
568,Mariejeanne Ivanishev,mivanishevfr@behance.net,Ospina,12/23/2024
569,Palmer Fearnyough,pfearnyoughfs@wikipedia.org,Marcos JuÃ¡rez,12/9/2024
570,Delora Boagey,dboageyft@toplist.cz,Sijihong,9/17/2024
571,Malinde MacDonagh,mmacdonaghfu@blogspot.com,Kamenjane,9/3/2024
572,Eugen Albrighton,ealbrightonfv@instagram.com,KukureÄani,11/11/2024
573,Rudiger Renol,rrenolfw@yellowpages.com,Piedra Blanca,11/20/2024
574,Vivian Rigard,vrigardfx@businessweek.com,Bol,11/8/2024
575,Gerladina Phillput,gphillputfy@un.org,MaÃ±azo,9/2/2024
576,Konrad Naseby,knasebyfz@t.co,Åubnice,3/3/2025
577,Ernesta Peter,epeterg0@microsoft.com,Thá»‹ Tráº¥n PhÆ°á»›c Bá»­u,2/13/2025
578,Joanie Jahnke,jjahnkeg1@netlog.com,Barqueiro,2/4/2025
579,Skippie Tedman,stedmang2@psu.edu,Bojonghaur,11/30/2024
580,Rosamond Tuerena,rtuerenag3@webnode.com,Pomacanchi,7/7/2025
581,Christophorus De La Cote,cdeg4@hugedomains.com,Cisagu,2/23/2025
582,Chrysler Yaakov,cyaakovg5@hp.com,Helong,9/9/2024
583,Maitilde Rasch,mraschg6@so-net.ne.jp,Arsenal,12/4/2024
584,Fifine Sawdon,fsawdong7@yandex.ru,ItapÃ©,3/3/2025
585,Broddie Sissel,bsisselg8@exblog.jp,Boulder,9/7/2024
586,Rhetta Jewiss,rjewissg9@drupal.org,Nakhon Phanom,6/25/2025
587,Hyman Marzellano,hmarzellanoga@biglobe.ne.jp,Bayan Hure,7/18/2025
588,Drucie Molyneux,dmolyneuxgb@time.com,Quillo,6/21/2025
589,Bessie Scaysbrook,bscaysbrookgc@behance.net,Bilopillya,8/18/2024
590,Georgianna Phelipeau,gphelipeaugd@sciencedaily.com,Wawa,1/2/2025
591,Waldo Bambra,wbambrage@ifeng.com,Jargalant,1/9/2025
592,Jerrome Pudge,jpudgegf@networksolutions.com,Abaca,9/8/2024
593,Shalna Flori,sflorigg@hao123.com,Sepolong Timur,3/28/2025
594,Clerkclaude Chander,cchandergh@woothemes.com,El Zapote,12/31/2024
595,Keven Tollmache,ktollmachegi@zimbio.com,Greensboro,11/23/2024
596,Selena Spikins,sspikinsgj@loc.gov,Buenavista,3/30/2025
597,Sabina Darrigoe,sdarrigoegk@imageshack.us,ParadyÅ¼,6/30/2025
598,Danny Kirmond,dkirmondgl@ezinearticles.com,Jajce,2/20/2025
599,Gillian De Biasio,gdegm@blogspot.com,LÃ¼hua,1/15/2025
600,Aggi Disdel,adisdelgn@smugmug.com,Chizhou,1/2/2025
601,Hailey Ronayne,hronaynego@de.vu,Tazarine,11/28/2024
602,Eulalie Doerffer,edoerffergp@comcast.net,Debar,8/25/2024
603,Jeremiah Kittow,jkittowgq@geocities.jp,Rybnoye,1/5/2025
604,Brana Oxer,boxergr@google.nl,Cartagena,4/5/2025
605,Lisle Weatherburn,lweatherburngs@wisc.edu,Laoliangcang,11/26/2024
606,Lonnie Bailes,lbailesgt@reference.com,GÃ¶teborg,8/20/2024
607,Pollyanna Leithgoe,pleithgoegu@posterous.com,Betioky,6/30/2025
608,Howard Crush,hcrushgv@chronoengine.com,Gaoleshan,10/7/2024
609,Jilli Orgen,jorgengw@reddit.com,Elekmonar,12/7/2024
610,Francene Perton,fpertongx@wordpress.org,CaaguazÃº,12/21/2024
611,Hugo Besemer,hbesemergy@vistaprint.com,Igreja,9/14/2024
612,Keefe Gantzman,kgantzmangz@hatena.ne.jp,Wuxia,10/11/2024
613,Packston Skyner,pskynerh0@vinaora.com,Raofeng,11/12/2024
614,Gilda Roby,grobyh1@people.com.cn,Buzhakan,5/8/2025
615,Tan Codman,tcodmanh2@nationalgeographic.com,Gondang,6/15/2025
616,Maggie Effaunt,meffaunth3@tinypic.com,Likupang,5/6/2025
617,Katee Mordin,kmordinh4@nationalgeographic.com,Tomteboda,7/25/2024
618,Clarie Patters,cpattersh5@fc2.com,Zbiroh,11/8/2024
619,Candy Cundy,ccundyh6@godaddy.com,Choujiang,2/9/2025
620,Salome Viger,svigerh7@mail.ru,Meishan,1/26/2025
621,Brandon McGloin,bmcgloinh8@businessinsider.com,Stare Kurowo,2/9/2025
622,Husein Storms,hstormsh9@nyu.edu,Kotabaru,6/20/2025
623,Josefa McAlarney,jmcalarneyha@simplemachines.org,Yinchuan,1/12/2025
624,Beltran Deener,bdeenerhb@histats.com,Neresnytsya,7/1/2025
625,Caresse Hallan,challanhc@discuz.net,PotosÃ­,9/14/2024
626,Sherwin Woolaston,swoolastonhd@de.vu,Vinica,6/16/2025
627,Stefan Brient,sbrienthe@google.fr,Buenos Aires,2/11/2025
628,Hillary Hardes,hhardeshf@usatoday.com,Tshela,4/6/2025
629,Ravi Kristoffersson,rkristofferssonhg@angelfire.com,KhalkhÄl,3/19/2025
630,Birk Coutts,bcouttshh@bbb.org,Tallkalakh,4/26/2025
631,Hunt Trouel,htrouelhi@baidu.com,Port-aux-FranÃ§ais,7/25/2024
632,Emory Bachelar,ebachelarhj@cbsnews.com,Carice,5/11/2025
633,Hillyer Stot,hstothk@163.com,Yuzhai,6/13/2025
634,Fritz Yakushkin,fyakushkinhl@ed.gov,Al Mughayyir,11/2/2024
635,Carmencita Chatwood,cchatwoodhm@epa.gov,Selebi-Phikwe,9/14/2024
636,Dotti Calam,dcalamhn@hp.com,Mbigou,10/19/2024
637,Torrance Nuttall,tnuttallho@timesonline.co.uk,Luga,3/27/2025
638,Ossie Kimbling,okimblinghp@reuters.com,Veyno,10/26/2024
639,Spenser Pierson,spiersonhq@bbb.org,Qingsong,2/13/2025
640,Gilbertina Mordacai,gmordacaihr@ehow.com,Comrat,5/13/2025
641,Floris Perigeaux,fperigeauxhs@techcrunch.com,DÄ«la,11/23/2024
642,Nerta Castro,ncastroht@slate.com,No Kunda,4/24/2025
643,Elihu Gawn,egawnhu@wired.com,Kahuripan,11/14/2024
644,Joly Woodwin,jwoodwinhv@rediff.com,Nong Chik,2/7/2025
645,Randy Worsnap,rworsnaphw@123-reg.co.uk,Dikou,4/23/2025
646,Pavia Vossgen,pvossgenhx@mac.com,VandÅ“uvre-lÃ¨s-Nancy,10/21/2024
647,Faustina Sinnatt,fsinnatthy@mashable.com,Akonolinga,12/18/2024
648,Melicent Lummus,mlummushz@webs.com,Zavety Ilâ€™icha,12/4/2024
649,Avril Dahle,adahlei0@list-manage.com,Fazenda de Santa Cruz,7/3/2025
650,Garrek Nower,gnoweri1@hp.com,KrzeszÃ³w,7/21/2024
651,Nancey Walthew,nwalthewi2@google.com.hk,Villa Santa Rosa,4/24/2025
652,Alano Hammel,ahammeli3@guardian.co.uk,Kalumpang,3/5/2025
653,Trixi Pendle,tpendlei4@yolasite.com,FÄqÅ«s,4/9/2025
654,Annecorinne MacCarroll,amaccarrolli5@usgs.gov,Guayabal,6/29/2025
655,Galvan Gallego,ggallegoi6@army.mil,GrodkÃ³w,9/10/2024
656,Lil Tolan,ltolani7@slashdot.org,Pinggirsari,9/17/2024
657,Irwin Rossey,irosseyi8@buzzfeed.com,Port Loko,3/8/2025
658,Adamo Spondley,aspondleyi9@webeden.co.uk,Dalmacio VÃ©lez SÃ¡rsfield,4/13/2025
659,Rici Antonik,rantonikia@si.edu,Des Moines,9/2/2024
660,Carma Kinastan,ckinastanib@digg.com,Jishui,11/8/2024
661,Jessika McGarrahan,jmcgarrahanic@paypal.com,Talavera,9/7/2024
662,Darrick Geaveny,dgeavenyid@mlb.com,Yanahuanca,8/27/2024
663,Abagail Divell,adivellie@ed.gov,Cieplice ÅšlÄ…skie ZdrÃ³j,5/27/2025
664,Tye Standley,tstandleyif@instagram.com,Xai-Xai,7/12/2025
665,Janine Coumbe,jcoumbeig@nasa.gov,Bogdanovich,7/13/2025
666,Adelaide Fores,aforesih@xing.com,Sampaloc,7/27/2024
667,Justen Siaskowski,jsiaskowskiii@cafepress.com,Besuk Selatan,5/4/2025
668,Cheslie Shout,cshoutij@ustream.tv,KÃ¸benhavn,1/16/2025
669,Marina MacShane,mmacshaneik@marketwatch.com,NotsÃ©,11/18/2024
670,Guido Peealess,gpeealessil@github.com,Xiaxi,5/8/2025
671,Efrem Maulkin,emaulkinim@paypal.com,Nizhnepavlovka,12/31/2024
672,Merci Rikel,mrikelin@ezinearticles.com,Bandar-e GanÄveh,12/10/2024
673,Fan Giacoboni,fgiacoboniio@apple.com,Nanyuki,5/25/2025
674,Bettine Hamilton,bhamiltonip@zdnet.com,Sim,6/23/2025
675,Bree Somerset,bsomersetiq@baidu.com,Karlstad,2/3/2025
676,Julianna Binney,jbinneyir@bluehost.com,Daying,10/2/2024
677,Graham Bibey,gbibeyis@yale.edu,Novoselitsa,7/17/2025
678,Hyman Beers,hbeersit@zdnet.com,Banyubang,9/25/2024
679,Leone Trytsman,ltrytsmaniu@google.co.uk,Viale,11/18/2024
680,Ulick Hulke,uhulkeiv@fotki.com,Changfa,12/26/2024
681,Karel Neem,kneemiw@google.com,VarybÃ³bi,2/15/2025
682,Gery Shervil,gshervilix@canalblog.com,Yaxi,4/16/2025
683,Blakeley Starling,bstarlingiy@last.fm,Kameyama,12/2/2024
684,Charity Smillie,csmillieiz@jalbum.net,Kuczbork-Osada,11/18/2024
685,Romy Coopland,rcooplandj0@google.es,Huyunxiang,12/25/2024
686,Jameson Ascough,jascoughj1@gov.uk,Eaubonne,4/28/2025
687,Felicia Jessel,fjesselj2@patch.com,Jaga,11/22/2024
688,Sarine Thunnercliff,sthunnercliffj3@jiathis.com,Gniezno,3/12/2025
689,Stillman Bunworth,sbunworthj4@deviantart.com,OzatlÃ¡n,1/3/2025
690,Xylina Biffin,xbiffinj5@bluehost.com,Condado,11/11/2024
691,Averil Lyptrit,alyptritj6@gmpg.org,El Corozo,2/19/2025
692,Wadsworth Hazeley,whazeleyj7@xrea.com,Tabuc Pontevedra,9/14/2024
693,Darice Snaddin,dsnaddinj8@yahoo.co.jp,Ibadan,2/14/2025
694,Noella Lampkin,nlampkinj9@stumbleupon.com,Alor Setar,10/20/2024
695,Clarissa Calow,ccalowja@about.me,Batang,12/12/2024
696,Vina McCook,vmccookjb@intel.com,Khadyzhensk,7/4/2025
697,Benji Corking,bcorkingjc@e-recht24.de,Pakel,8/21/2024
698,Cathyleen Biggin,cbigginjd@posterous.com,Mtsamdou,5/3/2025
699,Angela Mallya,amallyaje@bloomberg.com,Yangzi,11/24/2024
700,Britt Waiting,bwaitingjf@aol.com,Manquiring,2/18/2025
701,Harper Bartol,hbartoljg@pinterest.com,Dili,7/9/2025
702,Bridie Speight,bspeightjh@nymag.com,Atlanta,3/18/2025
703,Dusty McCauley,dmccauleyji@gov.uk,Santa Nino,4/22/2025
704,Roana Legrand,rlegrandjj@businessinsider.com,Shuangquan,9/15/2024
705,Dusty Colles,dcollesjk@sciencedaily.com,Condado,4/22/2025
706,Moira Hickenbottom,mhickenbottomjl@hubpages.com,De la Paz,4/25/2025
707,Cordy Quinion,cquinionjm@baidu.com,Weishui,3/23/2025
708,Mattias Haslin,mhaslinjn@google.com.br,Thá»‹ Tráº¥n Tam SÆ¡n,11/24/2024
709,Lotti Plomer,lplomerjo@phpbb.com,Nyakhachava,9/20/2024
710,Mavis McPaike,mmcpaikejp@domainmarket.com,Pasarnangka,9/6/2024
711,Alonzo Eccleshare,aecclesharejq@statcounter.com,Gonâ€™ba,10/22/2024
712,Harriet Sergeant,hsergeantjr@github.io,Grand Junction,11/25/2024
713,Wolfie Mocher,wmocherjs@vinaora.com,Keli,8/20/2024
714,Rickie Bartaloni,rbartalonijt@nasa.gov,El Paso,11/3/2024
715,Alverta Lemonnier,alemonnierju@loc.gov,Mangunjaya,7/15/2025
716,Vernon Bercher,vbercherjv@yandex.ru,Krasnoye,4/9/2025
717,Cindelyn Tangye,ctangyejw@domainmarket.com,Itapemirim,3/1/2025
718,Gideon Rowden,growdenjx@rakuten.co.jp,El Hajeb,9/13/2024
719,Fawn Izak,fizakjy@sakura.ne.jp,Alto RÃ­o Senguer,11/2/2024
720,Nessa Johnson,njohnsonjz@google.ru,Kristiansand S,1/19/2025
721,Juliette Groven,jgrovenk0@yellowbook.com,Wailang,6/30/2025
722,Eugenie Bleiman,ebleimank1@cafepress.com,Rouen,12/25/2024
723,Renae Pavy,rpavyk2@ca.gov,Tianmuhu,9/8/2024
724,Gwenette Runchman,grunchmank3@t-online.de,Saguday,1/11/2025
725,Merrile McQuaker,mmcquakerk4@twitter.com,Al QÅ«ÅŸÄ«yah,4/25/2025
726,Gabriellia Flasby,gflasbyk5@un.org,Seattle,7/23/2024
727,Erinna Goggin,egoggink6@scribd.com,San Isidro de Lules,8/25/2024
728,Paula Geraldo,pgeraldok7@canalblog.com,Wum,3/5/2025
729,Alison Oxterby,aoxterbyk8@qq.com,Masâ€˜adah,9/10/2024
730,Henryetta Cramp,hcrampk9@dion.ne.jp,Charikar,3/9/2025
731,Ty Zuann,tzuannka@vinaora.com,Airdrie,4/25/2025
732,Heywood Doey,hdoeykb@springer.com,Nice,5/6/2025
733,Darelle Rubroe,drubroekc@theatlantic.com,LÅ©ng Há»“,10/22/2024
734,Pamella Barense,pbarensekd@admin.ch,Campo de la Cruz,12/25/2024
735,Milissent Hartil,mhartilke@arstechnica.com,Puyehue,3/22/2025
736,Gennie Prudence,gprudencekf@webeden.co.uk,Qianguo,12/16/2024
737,Korie Pooley,kpooleykg@latimes.com,ÅšwiÄ™tajno,4/8/2025
738,Dewie Bettam,dbettamkh@pagesperso-orange.fr,Devnya,8/7/2024
739,Zita Stepto,zsteptoki@earthlink.net,Niyang,12/20/2024
740,Dita Tindle,dtindlekj@geocities.com,Montreuil,11/11/2024
741,Andrus Finch,afinchkk@meetup.com,Suru,1/7/2025
742,Carroll Minico,cminicokl@pbs.org,Valle de Ãngeles,4/17/2025
743,Vivien Goggey,vgoggeykm@com.com,VÃ¤stervik,11/16/2024
744,Timoteo Birchenhead,tbirchenheadkn@infoseek.co.jp,Atabayan,9/6/2024
745,Edlin Zanicchi,ezanicchiko@photobucket.com,Huzhou,4/11/2025
746,Giralda Fentem,gfentemkp@diigo.com,Maxiao,6/23/2025
747,Ron Caneo,rcaneokq@statcounter.com,Sarajevo,7/1/2025
748,Patten Symper,psymperkr@mlb.com,Zhenyuan,10/3/2024
749,Bear Race,braceks@yale.edu,XinÃ³ NerÃ³,10/9/2024
750,Siffre Stronge,sstrongekt@abc.net.au,Nanguzhuang,7/5/2025
751,Blondy Gelderd,bgelderdku@oracle.com,Destrnik,11/15/2024
752,Jocelin Barnhart,jbarnhartkv@ow.ly,Guashe,5/25/2025
753,Rutherford Piatkowski,rpiatkowskikw@stanford.edu,LucÃ©,4/21/2025
754,Stacee Valois,svaloiskx@newyorker.com,Novopokrovka,7/28/2024
755,Constantia Stump,cstumpky@elpais.com,Jiapeng,11/19/2024
756,Roze Hardiman,rhardimankz@nydailynews.com,NeochÃ³ri,7/25/2024
757,Nowell Clamp,nclampl0@yolasite.com,Cáº§u Giáº¥y,6/24/2025
758,Julienne McKeney,jmckeneyl1@indiegogo.com,YalagÃ¼ina,9/10/2024
759,Tomas Persich,tpersichl2@nydailynews.com,Fengli,9/6/2024
760,Carney Ghelerdini,cghelerdinil3@so-net.ne.jp,Morrison,6/21/2025
761,Riordan Hartman,rhartmanl4@webnode.com,GiÃ£o,12/9/2024
762,Seamus Semor,ssemorl5@cpanel.net,Sremska Mitrovica,5/18/2025
763,Temple Downing,tdowningl6@businessweek.com,Sandviken,9/4/2024
764,Theo Aleshintsev,taleshintsevl7@msu.edu,Brits,1/5/2025
765,Eddie Vyse,evysel8@illinois.edu,Pruszcz,7/5/2025
766,Maggee Reddihough,mreddihoughl9@cornell.edu,Puerto Rico,11/11/2024
767,Fabio Rooke,frookela@scribd.com,Forninho,1/9/2025
768,Karita Brugh,kbrughlb@accuweather.com,Santa Eulalia,12/4/2024
769,Garreth Bachelar,gbachelarlc@imageshack.us,JardÃ­n,5/15/2025
770,Sheela Carlton,scarltonld@tmall.com,Xinbao,4/17/2025
771,Betsey Jamme,bjammele@salon.com,Beijie,9/30/2024
772,Heidi Underhill,hunderhilllf@dailymotion.com,Tuncheng,1/25/2025
773,Ramsay Lively,rlivelylg@scribd.com,HornÃ­ Stropnice,3/22/2025
774,Linea Woollends,lwoollendslh@army.mil,Ternate,11/27/2024
775,Chalmers Biddles,cbiddlesli@marketwatch.com,Atafu Village,10/22/2024
776,Bernetta Chessel,bchessellj@deviantart.com,Shu,11/19/2024
777,Mohammed Dillimore,mdillimorelk@arizona.edu,Kedungwringin,4/26/2025
778,Waverly Brandsen,wbrandsenll@ning.com,Zhenhai,8/19/2024
779,Fayette Pugsley,fpugsleylm@guardian.co.uk,Chelgard,6/19/2025
780,Christa Stallibrass,cstallibrassln@yandex.ru,Jianâ€™ou,9/6/2024
781,Kaitlyn Klezmski,kklezmskilo@wisc.edu,Beizhang,6/3/2025
782,Nickolai Henningham,nhenninghamlp@twitpic.com,Diego de Almagro,7/1/2025
783,Sophia Slimmon,sslimmonlq@w3.org,Dingcheng,8/15/2024
784,Jordana Armal,jarmallr@delicious.com,Cemara,2/12/2025
785,Cymbre Smoth,csmothls@wikimedia.org,Sena Madureira,4/25/2025
786,Ettore Grundey,egrundeylt@npr.org,Dongshan,7/23/2024
787,Etti Ryle,erylelu@dyndns.org,Walichnowy,4/24/2025
788,Adele Burvill,aburvilllv@spiegel.de,Huasahuasi,10/10/2024
789,Marsha Hatwell,mhatwelllw@soup.io,GhÄr al Milá¸©,12/22/2024
790,Allyn Eakens,aeakenslx@cdc.gov,Petropavlovka,7/6/2025
791,Yorgo Lacroutz,ylacroutzly@china.com.cn,Kangar,12/29/2024
792,Yance Grandisson,ygrandissonlz@qq.com,GrzÄ™ska,7/10/2025
793,Patric Hurche,phurchem0@ebay.com,Jabaâ€˜,10/4/2024
794,Ashien Boot,abootm1@nydailynews.com,Sibayo,8/29/2024
795,Adriane Memory,amemorym2@blog.com,Shiree,8/2/2024
796,Eolanda Billson,ebillsonm3@delicious.com,Harding,8/20/2024
797,Iormina Catt,icattm4@dmoz.org,Huangbei,7/1/2025
798,Marlow Southgate,msouthgatem5@cornell.edu,Gobang,11/30/2024
799,Vanya Jedryka,vjedrykam6@abc.net.au,Luopioinen,7/8/2025
800,Judie Elmar,jelmarm7@rambler.ru,Fujisawa,6/12/2025
801,Armin Benaine,abenainem8@mayoclinic.com,Pilcomay,4/10/2025
802,Millicent Mintrim,mmintrimm9@noaa.gov,La Virgen,12/28/2024
803,Livia Drydale,ldrydalema@domainmarket.com,Balayang,4/23/2025
804,Jehanna Kilcullen,jkilcullenmb@opensource.org,Roma,11/22/2024
805,Antoni De Launde,ademc@ucoz.com,Promna,5/17/2025
806,Barnaby Burdge,bburdgemd@ycombinator.com,Czernice Borowe,8/14/2024
807,Lynnell Walmsley,lwalmsleyme@techcrunch.com,Xiahong,2/8/2025
808,Mia Woodes,mwoodesmf@weather.com,Huqiu,6/25/2025
809,Mollie Beller,mbellermg@webnode.com,Tenjolaya,8/16/2024
810,Olimpia Hugh,ohughmh@w3.org,Buenos Aires,5/30/2025
811,Chet Paragreen,cparagreenmi@mayoclinic.com,Parenggan,5/14/2025
812,Kerk Hurkett,khurkettmj@goodreads.com,Bojong,11/6/2024
813,Gena Darrington,gdarringtonmk@furl.net,Baitian,3/1/2025
814,Linn MacGovern,lmacgovernml@homestead.com,Abakan,11/24/2024
815,Dasha Mattis,dmattismm@thetimes.co.uk,PanjgÅ«r,11/14/2024
816,Bren Kryska,bkryskamn@myspace.com,Port Antonio,1/10/2025
817,Lawton MacPhail,lmacphailmo@indiegogo.com,Cikai,3/12/2025
818,Cristiano Gobeaux,cgobeauxmp@yellowbook.com,Frankfurt am Main,2/1/2025
819,Desi McBryde,dmcbrydemq@marketwatch.com,Jinzao,12/30/2024
820,Alberta Byrch,abyrchmr@dyndns.org,Medvezhâ€™yegorsk,10/7/2024
821,Debera Camfield,dcamfieldms@indiatimes.com,BangangtÃ©,2/12/2025
822,Dorey Stephens,dstephensmt@artisteer.com,Le Bourget-du-Lac,3/13/2025
823,Brook Behling,bbehlingmu@flavors.me,JevÃ­Äko,6/7/2025
824,Goldarina Tubby,gtubbymv@tamu.edu,Mella,1/15/2025
825,Valentina Dober,vdobermw@seattletimes.com,Zabaykalâ€™sk,6/14/2025
826,Jamesy Stiggles,jstigglesmx@tumblr.com,Laon,7/30/2024
827,Wendell Rattery,wratterymy@time.com,Mokopane,10/15/2024
828,Lebbie Glozman,lglozmanmz@miitbeian.gov.cn,Tadianjie,5/8/2025
829,Lillian Muffin,lmuffinn0@state.tx.us,Myshkin,7/8/2025
830,Lyn McGarrahan,lmcgarrahann1@house.gov,Kadugede,6/16/2025
831,Reidar Punshon,rpunshonn2@slashdot.org,Jaciara,12/24/2024
832,Mozes Strutton,mstruttonn3@google.ru,Xinghua,7/30/2024
833,Wynn Saywood,wsaywoodn4@scribd.com,Lap Lae,5/22/2025
834,Joellyn Millichap,jmillichapn5@columbia.edu,Changxingbao,6/16/2025
835,Stearne Bignold,sbignoldn6@blogspot.com,WyÅ›mierzyce,11/21/2024
836,Corrinne Batisse,cbatissen7@wsj.com,Denton,10/12/2024
837,Alys Sabate,asabaten8@goo.gl,Mitake,11/14/2024
838,Jefferey Petigrew,jpetigrewn9@netvibes.com,Duitama,8/10/2024
839,Alisa Eldershaw,aeldershawna@google.es,Baisha,1/17/2025
840,Titos McKune,tmckunenb@amazon.co.jp,Å evica,5/11/2025
841,Harriet Siverns,hsivernsnc@ca.gov,Welibo,1/7/2025
842,Delbert Broadbent,dbroadbentnd@typepad.com,Zhaowu,4/29/2025
843,Reynold Kingaby,rkingabyne@purevolume.com,Lille,12/3/2024
844,Korrie Emma,kemmanf@tripod.com,Vale Maceiras,3/19/2025
845,Ileana Dabnor,idabnorng@oracle.com,GrudÃ«-FushÃ«,3/12/2025
846,Cass Blowfield,cblowfieldnh@t.co,Usukhchay,3/15/2025
847,Ally Swale,aswaleni@nasa.gov,WojciechÃ³w,12/23/2024
848,Winna Licciardiello,wlicciardiellonj@nasa.gov,CeadÃ®r-Lunga,6/18/2025
849,Jackson Minors,jminorsnk@springer.com,Toyohashi,9/13/2024
850,Rozele Spiteri,rspiterinl@4shared.com,Porteirinha,8/4/2024
851,Bartholemy Hawkings,bhawkingsnm@globo.com,Krupanj,7/29/2024
852,Arabele Keslake,akeslakenn@slate.com,Zharkovskiy,8/7/2024
853,Orelia Bellord,obellordno@clickbank.net,Oliveiras,4/28/2025
854,Christal Powdrell,cpowdrellnp@narod.ru,Yunzhong,3/7/2025
855,Verene Sooley,vsooleynq@blogtalkradio.com,Netolice,3/26/2025
856,Rosemaria Sirey,rsireynr@slate.com,Rimbo,5/14/2025
857,Kimberley Cund,kcundns@elegantthemes.com,SzelkÃ³w,4/28/2025
858,Phyllys Roblin,problinnt@admin.ch,Shenzhengqiao,4/16/2025
859,Vinnie Ducket,vducketnu@xing.com,Xaysetha,8/21/2024
860,Doralia Polding,dpoldingnv@wix.com,Dacudao,4/27/2025
861,Kiersten Syddall,ksyddallnw@google.cn,Laweueng,2/7/2025
862,Storm Rockwill,srockwillnx@bluehost.com,Turtas,12/11/2024
863,Chane Collibear,ccollibearny@netvibes.com,KsawerÃ³w,9/1/2024
864,Delcine Mabbe,dmabbenz@vistaprint.com,Borehbangle,11/1/2024
865,Lorin McIlmorow,lmcilmorowo0@china.com.cn,Polen,6/16/2025
866,Olia Kellick,okellicko1@vinaora.com,Bashan,1/6/2025
867,Urban Spinige,uspinigeo2@psu.edu,Saint-Ã‰grÃ¨ve,12/18/2024
868,Yule Loughhead,yloughheado3@harvard.edu,Cambridge,5/7/2025
869,Brear Sent,bsento4@howstuffworks.com,Cagdianao,8/5/2024
870,Gaylene Enderby,genderbyo5@youtu.be,Nagrak,1/31/2025
871,Cassy Olek,coleko6@thetimes.co.uk,Majalengka,11/2/2024
872,Koren McFarlane,kmcfarlaneo7@newsvine.com,Wanglian,4/28/2025
873,Paolina Alyutin,palyutino8@flickr.com,Colonia YguazÃº,9/16/2024
874,Micheil Druitt,mdruitto9@mediafire.com,KamogatachÅ-kamogata,1/7/2025
875,Aurore Emanson,aemansonoa@sogou.com,Hule,12/14/2024
876,Diarmid Farans,dfaransob@hugedomains.com,Qiaolin,4/30/2025
877,Heinrick Schapiro,hschapirooc@discuz.net,SÃ£o JosÃ© do Egito,3/3/2025
878,Rolf Giacomozzo,rgiacomozzood@eepurl.com,MirandopÃ³lis,12/7/2024
879,Husain Wingate,hwingateoe@washington.edu,Uusikaupunki,2/23/2025
880,Nappy Claydon,nclaydonof@ning.com,Tha Uthen,10/15/2024
881,Adair Klimontovich,aklimontovichog@springer.com,Khafizan,12/22/2024
882,Marven Duckerin,mduckerinoh@smh.com.au,Aso,3/18/2025
883,Sarette Wheble,swhebleoi@ihg.com,Zhanghuban,9/28/2024
884,Vladimir Kenewell,vkenewelloj@intel.com,Tver,5/27/2025
885,Sammy Gwilt,sgwiltok@altervista.org,Al FÄkhÅ«rah,1/17/2025
886,Troy Roll,trollol@infoseek.co.jp,GarupÃ¡,1/27/2025
887,Agnola Crandon,acrandonom@infoseek.co.jp,Tororo,4/22/2025
888,Carley Clawe,cclaweon@behance.net,Embajador Martini,7/18/2025
889,Irvine Dalgetty,idalgettyoo@slideshare.net,AbÅ« Sunbul,4/14/2025
890,Caryn Flippen,cflippenop@youtu.be,Bojong,10/15/2024
891,Ava Konzel,akonzeloq@quantcast.com,Minzheng,7/25/2024
892,Julianne Smails,jsmailsor@dailymotion.com,Dlemer,3/17/2025
893,Adler Littlekit,alittlekitos@utexas.edu,Fier-Ã‡ifÃ§i,8/20/2024
894,Lorain Bootherstone,lbootherstoneot@hubpages.com,Vitina,12/2/2024
895,Roddy de Copeman,rdeou@exblog.jp,SÃ¡mi,11/25/2024
896,Gianna Thornbarrow,gthornbarrowov@indiegogo.com,Sobienie Jeziory,5/25/2025
897,Phedra Sills,psillsow@columbia.edu,San Juan,8/12/2024
898,Laughton Zappel,lzappelox@nhs.uk,Jiahe,1/2/2025
899,Aime Toulson,atoulsonoy@smugmug.com,Dingqing,5/24/2025
900,Allix Cristofanini,acristofaninioz@github.io,Heitan,2/5/2025
901,Gerianne Addekin,gaddekinp0@marketwatch.com,Karangagung Timur,1/25/2025
902,Valentine Thorald,vthoraldp1@marketwatch.com,Vidovci,9/12/2024
903,Saleem Haizelden,shaizeldenp2@upenn.edu,Al QanÄyÄt,11/5/2024
904,Margette Damato,mdamatop3@time.com,Aix-en-Provence,6/19/2025
905,Raviv Tunder,rtunderp4@google.com.br,Songping,6/26/2025
906,Daryl Kleinhaut,dkleinhautp5@latimes.com,Sacapulas,4/23/2025
907,Chrissy Matlock,cmatlockp6@earthlink.net,Pereyaslav-Khmelâ€™nytsâ€™kyy,11/30/2024
908,Kris Corps,kcorpsp7@psu.edu,Putrajaya,3/27/2025
909,Ingelbert MacCurley,imaccurleyp8@youtu.be,Coromandel,8/12/2024
910,Idaline Petrozzi,ipetrozzip9@cafepress.com,EÅ‚k,12/28/2024
911,Stefania Woofinden,swoofindenpa@statcounter.com,Shihua,6/18/2025
912,Abbie Kirwood,akirwoodpb@soundcloud.com,Lubei,4/4/2025
913,Tilda Petren,tpetrenpc@cam.ac.uk,Ampanihy,5/16/2025
914,Jayne Hoodless,jhoodlesspd@ask.com,Toubao,7/18/2025
915,Keri Ambrogio,kambrogiope@slate.com,Charleston,11/25/2024
916,Marina Roman,mromanpf@va.gov,Al Mushannaf,10/30/2024
917,Olly Cannan,ocannanpg@wordpress.org,Shanga,8/14/2024
918,Carla Brilon,cbrilonph@washington.edu,Salor,12/10/2024
919,Heddie Pohlke,hpohlkepi@tmall.com,Lyubar,5/28/2025
920,Hanson Willan,hwillanpj@msu.edu,Cirateun,2/9/2025
921,North Calfe,ncalfepk@wikispaces.com,Uarini,4/3/2025
922,Marven Grimley,mgrimleypl@xing.com,Duyure,2/22/2025
923,Bendite Terran,bterranpm@imageshack.us,Mytishchi,8/7/2024
924,Derek Vinall,dvinallpn@vk.com,HornÃ­ BÅ™Ã­za,3/17/2025
925,Gordan Gerge,ggergepo@wunderground.com,Valada,7/26/2024
926,Bowie Smalcombe,bsmalcombepp@tiny.cc,West Palm Beach,2/14/2025
927,Drugi Muldrew,dmuldrewpq@photobucket.com,Beringinjaya,11/30/2024
928,Renee Gantz,rgantzpr@amazon.de,Maglaj,6/19/2025
929,Frederico Maestro,fmaestrops@java.com,Tulu Bolo,4/28/2025
930,Crichton Nayshe,cnayshept@reverbnation.com,Dongzhang,8/7/2024
931,Edithe Castagne,ecastagnepu@squidoo.com,NÃ©a MagnisÃ­a,12/4/2024
932,Vassili Spyer,vspyerpv@newyorker.com,Gaoliban,12/22/2024
933,Melvin Hehl,mhehlpw@archive.org,Dachun,8/23/2024
934,Francis Bloxsum,fbloxsumpx@china.com.cn,VÃ¡ri,1/28/2025
935,Cele Sillwood,csillwoodpy@cam.ac.uk,Dikwa,8/17/2024
936,Lisette Cheake,lcheakepz@stumbleupon.com,Roioen,10/16/2024
937,Crysta Brizell,cbrizellq0@qq.com,Pilawa,5/11/2025
938,Adina Cainey,acaineyq1@pinterest.com,Å»Ã³rawina,3/18/2025
939,Heath Espinoy,hespinoyq2@hatena.ne.jp,GÃ³mez,10/13/2024
940,Tommie Lukovic,tlukovicq3@boston.com,YÃ©limanÃ©,6/24/2025
941,Manolo Antonioni,mantonioniq4@cisco.com,Eindhoven,9/24/2024
942,Hewe Powers,hpowersq5@cocolog-nifty.com,Confey,1/22/2025
943,Orsola Elton,oeltonq6@wiley.com,AlÃ©m ParaÃ­ba,6/7/2025
944,Sidoney Bromley,sbromleyq7@list-manage.com,Shizunai-furukawachÅ,6/1/2025
945,Dew Meek,dmeekq8@wsj.com,Ketangi,5/15/2025
946,Parker Renyard,prenyardq9@ca.gov,Frei Paulo,9/29/2024
947,Syman Anney,sanneyqa@freewebs.com,Yanglin,8/25/2024
948,Rae Sieb,rsiebqb@com.com,ÅŒarai,2/1/2025
949,Kristyn Nichols,knicholsqc@census.gov,Pucara,9/30/2024
950,Hewe Craighall,hcraighallqd@unesco.org,Kaduranca,2/16/2025
951,Normie Kennaird,nkennairdqe@tmall.com,Vila de Sal Rei,11/14/2024
952,Howard Robotham,hrobothamqf@pbs.org,Medovene,10/12/2024
953,Maure Sinton,msintonqg@bigcartel.com,Puhja,5/3/2025
954,Karie Birtwhistle,kbirtwhistleqh@constantcontact.com,Tanbuqiao,6/11/2025
955,Nels Drogan,ndroganqi@dyndns.org,Kalidawir,12/5/2024
956,Dale Latan,dlatanqj@dropbox.com,Summerside,9/9/2024
957,Beaufort Bosche,bboscheqk@cdc.gov,San Benito,7/23/2024
958,Kippy Peaseman,kpeasemanql@sitemeter.com,Linamon,3/25/2025
959,Sonny Pountney,spountneyqm@pagesperso-orange.fr,Hancheng,11/10/2024
960,Berti Chainey,bchaineyqn@creativecommons.org,Tawun,5/9/2025
961,Cris Lengthorn,clengthornqo@discovery.com,Melbourne,9/26/2024
962,Brittan Mealing,bmealingqp@barnesandnoble.com,Zhuqi,8/14/2024
963,Grannie Peggrem,gpeggremqq@dailymail.co.uk,Situ,4/27/2025
964,Konstanze Hanrahan,khanrahanqr@howstuffworks.com,BangangtÃ©,10/3/2024
965,Irvin Goosnell,igoosnellqs@mayoclinic.com,AtsipÃ³poulon,11/23/2024
966,Consolata Crocroft,ccrocroftqt@storify.com,Cibangban Girang,6/22/2025
967,Adoree Bouda,aboudaqu@quantcast.com,Carapelhos,2/12/2025
968,Devonna Rosita,drositaqv@edublogs.org,Bayantal,4/15/2025
969,Dody Gallafant,dgallafantqw@si.edu,Fiais da Beira,5/15/2025
970,Minta Peniello,mpenielloqx@tamu.edu,Santiago del Estero,12/26/2024
971,Emilee Benadette,ebenadetteqy@fotki.com,Changpo,8/28/2024
972,Shanta Weston,swestonqz@addtoany.com,Hitachi-Naka,5/17/2025
973,Deva Millis,dmillisr0@umn.edu,Nanzhihui,11/16/2024
974,Marcella Schelle,mscheller1@studiopress.com,Karanganyar,6/21/2025
975,Gerrard Satterley,gsatterleyr2@dot.gov,SobotÃ­n,7/28/2024
976,Elfrida Burg,eburgr3@mozilla.org,Vide,8/22/2024
977,Marget Boddice,mboddicer4@vimeo.com,Dartang,2/9/2025
978,Magdalena Howselee,mhowseleer5@symantec.com,Yakymivka,4/10/2025
979,Gabby Saggs,gsaggsr6@psu.edu,Pingshan,6/27/2025
980,Noam Eversley,neversleyr7@princeton.edu,EstelÃ­,5/6/2025
981,Fernando Penni,fpennir8@wix.com,Guidong Chengguanzhen,12/6/2024
982,Jacobo Drogan,jdroganr9@rediff.com,Morrito,4/14/2025
983,Phip Mayhew,pmayhewra@seattletimes.com,SeleuÅ¡,1/11/2025
984,Misha Sprigging,mspriggingrb@irs.gov,DÄr an NaÅŸr,5/8/2025
985,Nefen Seywood,nseywoodrc@narod.ru,Dalupirip,2/28/2025
986,Alidia Figg,afiggrd@dropbox.com,Ongi,1/20/2025
987,Aili Greiser,agreiserre@answers.com,Municipio de Copacabana,1/1/2025
988,Amos Poel,apoelrf@google.co.jp,Ã…rjÃ¤ng,8/30/2024
989,Fergus McAusland,fmcauslandrg@odnoklassniki.ru,Yuanyang,9/15/2024
990,Geneva Caneo,gcaneorh@xinhuanet.com,Marteleira,11/1/2024
991,Breena Burgoine,bburgoineri@ed.gov,Novogurovskiy,7/6/2025
992,Carlotta Scolland,cscollandrj@360.cn,Shunling,1/20/2025
993,Kirstin O'Farris,kofarrisrk@ifeng.com,Masarayao,2/8/2025
994,Cathrin Isaksson,cisakssonrl@biblegateway.com,Jinxiang,4/23/2025
995,Jean Carbert,jcarbertrm@pinterest.com,Jambeyan,5/24/2025
996,Sapphira Gecks,sgecksrn@addthis.com,San Fabian,3/3/2025
997,Royall Mitchell,rmitchellro@posterous.com,Chantepie,4/27/2025
998,Odell Greer,ogreerrp@wordpress.com,Volodarsâ€™k-Volynsâ€™kyy,9/16/2024
999,Binni Lindsell,blindsellrq@omniture.com,Chowá¹‰Ãªy,6/12/2025
1000,Christine Crose,ccroserr@walmart.com,Bobadela,6/4/2025
